Ticker,Date,Open,High,Low,Close,Adj Close,Volume,Sector
CVX,2019-01-02,78.93,82.12,78.75,81.39,81.39,6384800,Energy
CVX,2019-01-03,81.66,81.83,79.47,79.83,79.83,6496200,Energy
CVX,2019-01-04,81.09,81.61,80.5,81.49,81.49,7952500,Energy
CVX,2019-01-07,81.66,83.04,80.83,82.55,82.55,5712700,Energy
CVX,2019-01-08,83.39,83.67,82.11,82.19,82.19,5674900,Energy
CVX,2019-01-09,82.86,83.83,82.69,83.29,83.29,7097000,Energy
CVX,2019-01-10,82.73,83.55,82.14,83.42,83.42,6078300,Energy
CVX,2019-01-11,83.09,83.13,82.11,82.75,82.75,4491700,Energy
CVX,2019-01-14,81.87,82.61,81.68,82.15,82.15,6121700,Energy
CVX,2019-01-15,82.34,83.14,82.0,82.44,82.44,4226100,Energy
CVX,2019-01-16,81.94,82.59,81.78,81.91,81.91,5624100,Energy
CVX,2019-01-17,81.44,82.57,81.01,82.33,82.33,4442700,Energy
CVX,2019-01-18,83.82,84.3,83.14,84.1,84.1,9382000,Energy
CVX,2019-01-22,83.18,83.42,82.32,82.61,82.61,7242000,Energy
CVX,2019-01-23,82.64,82.85,81.19,81.91,81.91,6082300,Energy
CVX,2019-01-24,81.64,83.69,81.55,83.47,83.47,8470700,Energy
CVX,2019-01-25,83.87,84.4,83.08,83.25,83.25,6261800,Energy
CVX,2019-01-28,82.29,82.78,81.67,82.48,82.48,6886600,Energy
CVX,2019-01-29,83.11,83.35,82.19,82.23,82.23,5359900,Energy
CVX,2019-01-30,82.75,83.57,82.34,83.1,83.1,7941700,Energy
CVX,2019-01-31,83.68,84.86,83.37,84.3,84.3,11225600,Energy
CVX,2019-02-01,85.78,87.69,85.74,87.04,87.04,10934300,Energy
CVX,2019-02-04,86.4,88.05,85.53,88.05,88.05,7987900,Energy
CVX,2019-02-05,87.96,88.14,87.28,87.86,87.86,6887400,Energy
CVX,2019-02-06,87.5,87.94,87.28,87.42,87.42,4990400,Energy
CVX,2019-02-07,86.78,87.14,85.67,86.94,86.94,7281900,Energy
CVX,2019-02-08,86.58,86.69,85.24,86.46,86.46,5671000,Energy
CVX,2019-02-11,85.98,86.3,85.58,86.0,86.0,4859600,Energy
CVX,2019-02-12,87.01,87.41,86.48,87.3,87.3,5400700,Energy
CVX,2019-02-13,87.62,88.53,87.28,87.92,87.92,5935900,Energy
CVX,2019-02-14,87.91,88.78,87.39,87.76,87.76,5406500,Energy
CVX,2019-02-15,88.84,89.02,88.08,88.64,88.64,6209800,Energy
CVX,2019-02-19,88.31,89.02,87.98,88.61,88.61,4277800,Energy
CVX,2019-02-20,88.61,89.66,88.38,89.33,89.33,5940600,Energy
CVX,2019-02-21,89.18,89.36,87.93,88.49,88.49,5139400,Energy
CVX,2019-02-22,89.33,89.47,88.27,88.67,88.67,4517600,Energy
CVX,2019-02-25,88.69,89.44,88.66,88.84,88.84,5196600,Energy
CVX,2019-02-26,88.98,89.85,88.89,89.08,89.08,5445600,Energy
CVX,2019-02-27,89.34,90.08,89.04,89.19,89.19,5289800,Energy
CVX,2019-02-28,89.13,89.24,88.0,88.81,88.81,6406500,Energy
CVX,2019-03-01,89.42,90.64,89.25,90.63,90.63,7743600,Energy
CVX,2019-03-04,91.11,91.23,89.53,90.7,90.7,7499500,Energy
CVX,2019-03-05,90.51,91.61,90.31,91.57,91.57,7345200,Energy
CVX,2019-03-06,91.48,92.62,90.83,91.75,91.75,7599900,Energy
CVX,2019-03-07,91.67,91.73,90.39,90.57,90.57,7201100,Energy
CVX,2019-03-08,89.2,90.56,88.53,90.33,90.33,7014100,Energy
CVX,2019-03-11,91.26,92.24,91.17,91.81,91.81,6088600,Energy
CVX,2019-03-12,91.98,92.81,91.64,92.02,92.02,6184300,Energy
CVX,2019-03-13,92.54,92.79,92.02,92.59,92.59,4707000,Energy
CVX,2019-03-14,92.66,93.18,92.45,92.54,92.54,5146400,Energy
CVX,2019-03-15,92.53,93.15,92.36,93.07,93.07,10449700,Energy
CVX,2019-03-18,93.0,93.68,92.97,93.49,93.49,5586900,Energy
CVX,2019-03-19,94.0,94.27,92.65,93.05,93.05,5096800,Energy
CVX,2019-03-20,92.87,93.83,92.6,92.61,92.61,6708500,Energy
CVX,2019-03-21,92.74,93.55,92.48,93.48,93.48,5050400,Energy
CVX,2019-03-22,92.73,92.76,91.13,91.42,91.42,5786800,Energy
CVX,2019-03-25,91.3,91.61,90.84,91.27,91.27,3837500,Energy
CVX,2019-03-26,91.93,92.77,91.64,92.19,92.19,4079800,Energy
CVX,2019-03-27,92.08,92.45,90.63,91.2,91.2,3727800,Energy
CVX,2019-03-28,91.06,91.47,90.88,91.37,91.37,4057700,Energy
CVX,2019-03-29,92.3,92.45,90.97,91.49,91.49,5318600,Energy
CVX,2019-04-01,92.0,93.04,91.69,92.79,92.79,5506300,Energy
CVX,2019-04-02,92.99,93.17,92.18,92.79,92.79,4362700,Energy
CVX,2019-04-03,93.0,93.1,91.75,92.01,92.01,3595400,Energy
CVX,2019-04-04,92.1,92.71,91.76,92.69,92.69,3715400,Energy
CVX,2019-04-05,93.02,94.06,92.99,93.89,93.89,5551400,Energy
CVX,2019-04-08,94.15,94.58,93.75,94.09,94.09,5483100,Energy
CVX,2019-04-09,93.8,93.8,92.93,93.24,93.24,4143400,Energy
CVX,2019-04-10,93.69,94.01,92.94,93.2,93.2,3970000,Energy
CVX,2019-04-11,93.09,93.77,92.65,93.57,93.57,3248300,Energy
CVX,2019-04-12,90.3,90.61,88.38,88.95,88.95,42693700,Energy
CVX,2019-04-15,89.14,89.88,88.63,89.23,89.23,13369100,Energy
CVX,2019-04-16,89.44,90.11,89.17,89.99,89.99,11942900,Energy
CVX,2019-04-17,90.76,91.01,89.16,89.33,89.33,11898100,Energy
CVX,2019-04-18,89.51,89.73,88.46,89.02,89.02,9546500,Energy
CVX,2019-04-22,89.7,90.62,89.46,90.54,90.54,7946200,Energy
CVX,2019-04-23,90.41,90.82,90.13,90.63,90.63,9079200,Energy
CVX,2019-04-24,90.13,90.19,87.71,87.85,87.85,22115000,Energy
CVX,2019-04-25,87.68,88.16,87.19,87.57,87.57,10636400,Energy
CVX,2019-04-26,87.94,88.01,85.89,86.97,86.97,11626700,Energy
CVX,2019-04-29,86.9,87.72,86.67,87.43,87.43,9404000,Energy
CVX,2019-04-30,89.94,90.55,88.87,89.17,89.17,21431500,Energy
CVX,2019-05-01,88.98,89.23,87.46,87.5,87.5,10097000,Energy
CVX,2019-05-02,87.11,88.0,86.36,86.44,86.44,9495600,Energy
CVX,2019-05-03,87.41,88.05,86.98,87.1,87.1,7364900,Energy
CVX,2019-05-06,87.27,89.01,87.25,87.94,87.94,11035000,Energy
CVX,2019-05-07,87.12,87.84,86.53,87.84,87.84,9165200,Energy
CVX,2019-05-08,87.91,88.0,87.19,87.27,87.27,6229000,Energy
CVX,2019-05-09,89.96,90.85,89.02,90.01,90.01,16496300,Energy
CVX,2019-05-10,89.99,90.81,89.0,90.6,90.6,8787900,Energy
CVX,2019-05-13,90.54,90.8,89.13,89.45,89.45,7701200,Energy
CVX,2019-05-14,89.62,90.8,89.5,90.34,90.34,6858500,Energy
CVX,2019-05-15,90.02,90.97,89.77,90.72,90.72,6945000,Energy
CVX,2019-05-16,90.74,91.17,90.4,90.6,90.6,8543300,Energy
CVX,2019-05-17,90.05,90.84,89.91,90.39,90.39,6870900,Energy
CVX,2019-05-20,90.54,90.91,90.41,90.63,90.63,4569700,Energy
CVX,2019-05-21,90.77,91.46,90.68,91.01,91.01,4859400,Energy
CVX,2019-05-22,90.68,91.08,90.26,90.43,90.43,5763300,Energy
CVX,2019-05-23,89.11,89.15,87.65,88.4,88.4,11000200,Energy
CVX,2019-05-24,88.73,89.2,88.04,89.03,89.03,4890800,Energy
CVX,2019-05-28,89.16,89.49,88.63,88.73,88.73,8145100,Energy
CVX,2019-05-29,87.78,88.02,86.87,87.58,87.58,7451300,Energy
CVX,2019-05-30,87.41,87.56,86.14,86.54,86.54,5807900,Energy
CVX,2019-05-31,85.67,86.4,85.29,85.39,85.39,6899800,Energy
CVX,2019-06-03,86.03,87.08,85.85,86.99,86.99,6100800,Energy
CVX,2019-06-04,87.45,88.26,87.22,87.98,87.98,5235600,Energy
CVX,2019-06-05,88.4,88.52,87.2,88.24,88.24,5105700,Energy
CVX,2019-06-06,88.66,90.87,88.58,90.51,90.51,7370100,Energy
CVX,2019-06-07,90.56,91.59,90.4,91.11,91.11,5343100,Energy
CVX,2019-06-10,91.65,92.07,91.29,91.72,91.72,5708800,Energy
CVX,2019-06-11,92.53,92.63,90.87,90.88,90.88,5625100,Energy
CVX,2019-06-12,90.29,90.44,89.67,90.14,90.14,4000100,Energy
CVX,2019-06-13,90.93,91.42,90.35,90.68,90.68,3993300,Energy
CVX,2019-06-14,90.75,90.87,90.28,90.61,90.61,3366800,Energy
CVX,2019-06-17,90.54,91.38,90.29,91.05,91.05,4219100,Energy
CVX,2019-06-18,91.47,92.91,91.4,92.2,92.2,4884300,Energy
CVX,2019-06-19,91.89,92.61,91.67,92.17,92.17,3847100,Energy
CVX,2019-06-20,93.24,93.53,92.7,93.21,93.21,7771700,Energy
CVX,2019-06-21,93.6,94.65,93.18,93.7,93.7,14287900,Energy
CVX,2019-06-24,93.41,94.04,93.32,93.69,93.69,5542600,Energy
CVX,2019-06-25,93.63,93.84,92.62,92.73,92.73,4713300,Energy
CVX,2019-06-26,93.43,93.66,92.91,92.95,92.95,5054800,Energy
CVX,2019-06-27,92.94,93.15,92.17,92.34,92.34,3551700,Energy
CVX,2019-06-28,92.56,93.36,92.34,93.33,93.33,7048300,Energy
CVX,2019-07-01,94.02,94.38,93.27,93.63,93.63,5526900,Energy
CVX,2019-07-02,93.42,93.54,91.8,92.2,92.2,5747700,Energy
CVX,2019-07-03,92.2,92.53,91.75,92.52,92.52,2725800,Energy
CVX,2019-07-05,92.36,92.81,91.98,92.66,92.66,3458900,Energy
CVX,2019-07-08,92.75,93.07,92.57,92.7,92.7,3505200,Energy
CVX,2019-07-09,92.93,93.11,92.31,92.52,92.52,3955600,Energy
CVX,2019-07-10,93.09,94.22,93.09,94.08,94.08,4743500,Energy
CVX,2019-07-11,94.26,94.26,93.45,94.08,94.08,3548000,Energy
CVX,2019-07-12,94.04,94.69,93.85,94.49,94.49,3974400,Energy
CVX,2019-07-15,94.55,94.8,93.96,94.29,94.29,3739200,Energy
CVX,2019-07-16,94.13,94.34,93.2,93.57,93.57,4697600,Energy
CVX,2019-07-17,93.5,93.96,93.05,93.11,93.11,3874200,Energy
CVX,2019-07-18,93.09,93.79,92.52,93.51,93.51,5770700,Energy
CVX,2019-07-19,93.51,94.06,93.45,93.78,93.78,4880900,Energy
CVX,2019-07-22,94.03,94.32,93.36,93.99,93.99,3275800,Energy
CVX,2019-07-23,93.93,94.67,93.59,94.37,94.37,4295300,Energy
CVX,2019-07-24,94.41,95.21,94.25,94.91,94.91,4796900,Energy
CVX,2019-07-25,95.25,95.25,94.0,94.23,94.23,4586800,Energy
CVX,2019-07-26,93.93,93.94,92.48,92.79,92.79,6971700,Energy
CVX,2019-07-29,92.61,93.48,92.54,93.18,93.18,4377500,Energy
CVX,2019-07-30,93.08,93.57,92.54,93.26,93.26,3871700,Energy
CVX,2019-07-31,92.79,93.52,91.86,92.34,92.34,7199500,Energy
CVX,2019-08-01,91.5,92.82,90.23,90.56,90.56,7928400,Energy
CVX,2019-08-02,91.34,91.91,88.37,90.55,90.55,9026200,Energy
CVX,2019-08-05,89.39,90.42,88.09,89.06,89.06,8620300,Energy
CVX,2019-08-06,89.04,89.65,88.24,89.54,89.54,6788000,Energy
CVX,2019-08-07,88.16,89.85,87.71,89.33,89.33,6853700,Energy
CVX,2019-08-08,89.62,92.5,89.57,92.43,92.43,8868100,Energy
CVX,2019-08-09,92.34,92.92,91.42,91.82,91.82,5051700,Energy
CVX,2019-08-12,92.26,92.36,90.69,91.17,91.17,3936500,Energy
CVX,2019-08-13,90.76,92.03,90.23,91.8,91.8,5806400,Energy
CVX,2019-08-14,90.02,90.44,88.26,88.31,88.31,7175600,Energy
CVX,2019-08-15,87.93,88.38,86.6,87.71,87.71,6272600,Energy
CVX,2019-08-16,88.2,88.39,87.41,87.75,87.75,6239100,Energy
CVX,2019-08-19,88.75,89.28,88.62,88.89,88.89,6443700,Energy
CVX,2019-08-20,88.75,88.8,87.64,88.0,88.0,5150900,Energy
CVX,2019-08-21,89.25,89.58,88.9,89.32,89.32,4578400,Energy
CVX,2019-08-22,89.91,89.97,89.0,89.21,89.21,4362100,Energy
CVX,2019-08-23,88.26,89.46,86.65,87.28,87.28,7653400,Energy
CVX,2019-08-26,87.84,88.06,87.28,87.7,87.7,3966400,Energy
CVX,2019-08-27,88.1,88.68,87.17,87.77,87.77,4237100,Energy
CVX,2019-08-28,88.21,88.81,87.81,88.53,88.53,4153500,Energy
CVX,2019-08-29,88.8,89.29,88.34,89.05,89.05,4467300,Energy
CVX,2019-08-30,89.4,90.15,88.83,89.2,89.2,4881100,Energy
CVX,2019-09-03,87.72,88.15,86.8,88.1,88.1,5672500,Energy
CVX,2019-09-04,89.02,89.82,88.78,88.84,88.84,4595600,Energy
CVX,2019-09-05,89.42,90.22,88.85,89.14,89.14,5394300,Energy
CVX,2019-09-06,89.03,89.75,88.95,89.61,89.61,4578200,Energy
CVX,2019-09-09,89.97,90.65,89.85,90.47,90.47,5048000,Energy
CVX,2019-09-10,91.1,93.42,90.86,92.33,92.33,8728800,Energy
CVX,2019-09-11,92.6,93.19,91.21,91.9,91.9,5509500,Energy
CVX,2019-09-12,90.96,92.58,90.59,92.0,92.0,5818300,Energy
CVX,2019-09-13,92.63,92.69,91.87,92.06,92.06,4885400,Energy
CVX,2019-09-16,94.61,94.92,93.18,94.05,94.05,10683900,Energy
CVX,2019-09-17,94.05,94.43,92.87,93.88,93.88,7246500,Energy
CVX,2019-09-18,93.62,94.12,93.22,94.1,94.1,4801500,Energy
CVX,2019-09-19,94.54,94.69,93.52,93.7,93.7,4034500,Energy
CVX,2019-09-20,93.96,94.58,93.71,94.2,94.2,10420700,Energy
CVX,2019-09-23,93.62,94.72,93.62,94.64,94.64,4705500,Energy
CVX,2019-09-24,94.47,94.5,93.37,93.76,93.76,6232100,Energy
CVX,2019-09-25,93.56,94.07,93.13,93.59,93.59,3762500,Energy
CVX,2019-09-26,93.4,93.58,90.97,91.05,91.05,7834400,Energy
CVX,2019-09-27,90.56,91.12,89.75,89.87,89.87,6850700,Energy
CVX,2019-09-30,89.82,90.49,89.72,89.87,89.87,6108300,Energy
CVX,2019-10-01,90.37,90.52,87.81,87.9,87.9,7116600,Energy
CVX,2019-10-02,87.18,87.22,84.58,85.09,85.09,9702400,Energy
CVX,2019-10-03,84.91,85.77,83.67,85.74,85.74,5315300,Energy
CVX,2019-10-04,86.08,86.38,85.28,86.27,86.27,4757300,Energy
CVX,2019-10-07,86.35,86.95,85.8,85.82,85.82,4694000,Energy
CVX,2019-10-08,84.95,85.43,84.57,84.65,84.65,5323900,Energy
CVX,2019-10-09,85.31,86.77,85.09,85.73,85.73,4601700,Energy
CVX,2019-10-10,86.03,86.98,85.85,86.83,86.83,3555500,Energy
CVX,2019-10-11,87.66,88.68,87.41,88.01,88.01,5134200,Energy
CVX,2019-10-14,87.58,88.19,87.48,88.03,88.03,2571300,Energy
CVX,2019-10-15,87.78,89.12,87.75,88.13,88.13,3742700,Energy
CVX,2019-10-16,88.07,88.4,87.2,87.22,87.22,3608900,Energy
CVX,2019-10-17,87.6,87.94,87.08,87.4,87.4,3722400,Energy
CVX,2019-10-18,87.25,87.58,86.94,86.94,86.94,5679900,Energy
CVX,2019-10-21,87.56,88.47,87.56,88.36,88.36,3926300,Energy
CVX,2019-10-22,88.37,89.84,88.27,89.26,89.26,4095000,Energy
CVX,2019-10-23,88.96,89.43,88.49,89.4,89.4,4148500,Energy
CVX,2019-10-24,89.77,90.03,88.89,89.09,89.09,3873900,Energy
CVX,2019-10-25,89.24,90.06,89.18,89.92,89.92,3369100,Energy
CVX,2019-10-28,90.23,90.56,89.14,89.78,89.78,5076300,Energy
CVX,2019-10-29,89.39,90.22,89.18,89.51,89.51,4548400,Energy
CVX,2019-10-30,89.55,89.55,87.53,88.17,88.17,4690900,Energy
CVX,2019-10-31,87.79,88.17,87.38,88.0,88.0,7177700,Energy
CVX,2019-11-01,87.51,88.37,86.4,88.06,88.06,7684700,Energy
CVX,2019-11-04,88.83,92.34,88.67,92.12,92.12,10348800,Energy
CVX,2019-11-05,91.86,92.78,91.47,92.4,92.4,6971200,Energy
CVX,2019-11-06,92.4,92.55,90.78,90.85,90.85,6104700,Energy
CVX,2019-11-07,91.78,92.44,91.17,92.36,92.36,5440700,Energy
CVX,2019-11-08,91.66,91.84,91.05,91.63,91.63,4249800,Energy
CVX,2019-11-11,91.08,91.98,90.94,91.54,91.54,3870800,Energy
CVX,2019-11-12,91.91,92.48,91.29,91.66,91.66,4503600,Energy
CVX,2019-11-13,91.28,92.75,91.21,92.66,92.66,5076400,Energy
CVX,2019-11-14,92.33,93.16,91.99,92.41,92.41,4882800,Energy
CVX,2019-11-15,92.76,92.89,91.91,92.31,92.31,5589600,Energy
CVX,2019-11-18,91.69,91.82,90.4,90.71,90.71,4885300,Energy
CVX,2019-11-19,90.68,90.91,88.82,89.11,89.11,8723000,Energy
CVX,2019-11-20,89.08,90.35,88.85,89.79,89.79,5903100,Energy
CVX,2019-11-21,89.99,91.02,89.68,90.88,90.88,5810900,Energy
CVX,2019-11-22,91.1,91.59,90.75,90.78,90.78,4786800,Energy
CVX,2019-11-25,90.62,91.23,90.28,90.58,90.58,7390000,Energy
CVX,2019-11-26,90.55,90.72,89.68,90.13,90.13,10053100,Energy
CVX,2019-11-27,90.29,90.76,90.0,90.35,90.35,4106100,Energy
CVX,2019-11-29,89.74,90.16,89.44,89.63,89.63,3271000,Energy
CVX,2019-12-02,90.28,90.35,89.31,89.38,89.38,5195200,Energy
CVX,2019-12-03,88.92,89.3,88.53,88.68,88.68,6135800,Energy
CVX,2019-12-04,89.25,89.76,89.09,89.48,89.48,5706700,Energy
CVX,2019-12-05,90.0,90.09,88.91,89.02,89.02,5517500,Energy
CVX,2019-12-06,89.6,91.28,89.51,90.3,90.3,6735300,Energy
CVX,2019-12-09,89.16,90.21,89.1,89.76,89.76,4736100,Energy
CVX,2019-12-10,90.32,90.36,89.57,90.21,90.21,4886800,Energy
CVX,2019-12-11,89.6,90.03,88.86,88.94,88.94,7039600,Energy
CVX,2019-12-12,89.21,90.97,89.21,90.91,90.91,6462000,Energy
CVX,2019-12-13,91.1,91.47,90.22,90.26,90.26,4863400,Energy
CVX,2019-12-16,90.95,91.42,90.76,91.33,91.33,5619300,Energy
CVX,2019-12-17,91.51,91.74,90.55,90.75,90.75,6755500,Energy
CVX,2019-12-18,90.81,91.55,90.69,90.71,90.71,7496700,Energy
CVX,2019-12-19,90.73,90.86,90.19,90.39,90.39,6220300,Energy
CVX,2019-12-20,91.36,91.78,90.36,91.58,91.58,12171100,Energy
CVX,2019-12-23,91.3,92.13,91.17,92.08,92.08,5875000,Energy
CVX,2019-12-24,92.15,92.42,91.89,92.08,92.08,1640100,Energy
CVX,2019-12-26,92.34,92.91,92.08,92.28,92.28,3648600,Energy
CVX,2019-12-27,92.5,92.81,92.01,92.05,92.05,4138300,Energy
CVX,2019-12-30,92.16,92.85,91.68,91.71,91.71,4580200,Energy
CVX,2019-12-31,91.44,92.31,91.25,92.21,92.21,4215700,Energy
CVX,2020-01-02,92.44,93.07,92.41,92.92,92.92,5205000,Energy
CVX,2020-01-03,93.19,93.9,92.39,92.6,92.6,6360900,Energy
CVX,2020-01-06,92.77,93.1,92.08,92.28,92.28,9953000,Energy
CVX,2020-01-07,91.07,91.62,90.12,91.1,91.1,7856900,Energy
CVX,2020-01-08,90.71,91.13,90.03,90.06,90.06,7295900,Energy
CVX,2020-01-09,89.98,90.23,88.9,89.92,89.92,7345300,Energy
CVX,2020-01-10,89.93,90.06,89.07,89.1,89.1,6393800,Energy
CVX,2020-01-13,89.12,89.46,88.82,89.27,89.27,6846700,Energy
CVX,2020-01-14,89.15,89.44,88.54,88.99,88.99,7189100,Energy
CVX,2020-01-15,88.99,89.08,88.5,88.86,88.86,5808800,Energy
CVX,2020-01-16,89.19,89.74,89.11,89.44,89.44,7022000,Energy
CVX,2020-01-17,89.54,89.75,88.4,88.44,88.44,7885900,Energy
CVX,2020-01-21,88.07,88.11,86.6,86.7,86.7,8470300,Energy
CVX,2020-01-22,86.54,86.87,86.05,86.39,86.39,5589900,Energy
CVX,2020-01-23,86.01,86.84,85.59,86.54,86.54,8007800,Energy
CVX,2020-01-24,86.31,86.45,85.2,85.59,85.59,6920000,Energy
CVX,2020-01-27,84.36,84.81,84.16,84.47,84.47,7609800,Energy
CVX,2020-01-28,84.92,85.41,84.76,85.03,85.03,5771900,Energy
CVX,2020-01-29,85.28,85.58,84.31,84.45,84.45,4772800,Energy
CVX,2020-01-30,84.03,85.38,83.45,85.24,85.24,8382700,Energy
CVX,2020-01-31,84.03,84.17,81.42,81.98,81.98,13699600,Energy
CVX,2020-02-03,81.84,82.07,80.65,81.33,81.33,8785500,Energy
CVX,2020-02-04,82.4,82.9,81.57,81.76,81.76,9909000,Energy
CVX,2020-02-05,82.85,84.67,82.73,84.39,84.39,6914100,Energy
CVX,2020-02-06,84.65,84.68,83.49,83.78,83.78,6274000,Energy
CVX,2020-02-07,83.35,83.74,83.0,83.36,83.36,4830100,Energy
CVX,2020-02-10,83.05,84.02,82.89,84.01,84.01,6011800,Energy
CVX,2020-02-11,84.77,85.22,84.22,85.1,85.1,6072700,Energy
CVX,2020-02-12,86.09,86.16,85.4,85.73,85.73,5725700,Energy
CVX,2020-02-13,85.22,85.95,85.11,85.44,85.44,5991900,Energy
CVX,2020-02-14,85.81,85.91,84.83,85.22,85.22,5148700,Energy
CVX,2020-02-18,84.38,85.36,84.25,85.34,85.34,4975800,Energy
CVX,2020-02-19,85.56,86.01,85.07,85.73,85.73,5887500,Energy
CVX,2020-02-20,85.76,85.98,84.92,85.01,85.01,4466600,Energy
CVX,2020-02-21,84.37,84.53,83.34,84.39,84.39,6443900,Energy
CVX,2020-02-24,81.83,82.8,80.84,81.06,81.06,9539800,Energy
CVX,2020-02-25,81.13,81.22,77.41,77.96,77.96,12871900,Energy
CVX,2020-02-26,78.08,78.66,75.87,75.9,75.9,11990400,Energy
CVX,2020-02-27,74.28,76.02,72.83,72.87,72.87,15783700,Energy
CVX,2020-02-28,70.16,72.34,69.76,72.26,72.26,20835100,Energy
CVX,2020-03-02,72.78,74.84,71.38,74.77,74.77,15050800,Energy
CVX,2020-03-03,74.93,76.24,72.28,73.07,73.07,16525500,Energy
CVX,2020-03-04,74.6,76.66,74.06,76.28,76.28,14753000,Energy
CVX,2020-03-05,74.09,75.39,73.5,75.24,75.24,12814400,Energy
CVX,2020-03-06,72.71,74.36,72.32,73.79,73.79,16861900,Energy
CVX,2020-03-09,63.66,68.13,61.93,62.45,62.45,30595500,Energy
CVX,2020-03-10,66.76,66.81,62.74,65.79,65.79,22642900,Energy
CVX,2020-03-11,63.66,65.68,63.29,64.28,64.28,18412800,Energy
CVX,2020-03-12,59.79,60.48,56.4,59.04,59.04,25768200,Energy
CVX,2020-03-13,61.92,64.64,57.37,64.58,64.58,23497500,Energy
CVX,2020-03-16,56.18,60.76,53.95,53.96,53.96,17535300,Energy
CVX,2020-03-17,54.5,56.5,50.7,54.72,54.72,22684200,Energy
CVX,2020-03-18,51.26,51.27,42.24,42.62,42.62,24947300,Energy
CVX,2020-03-19,42.78,45.28,39.95,44.43,44.43,29871000,Energy
CVX,2020-03-20,46.08,46.95,43.63,45.98,45.98,26960400,Energy
CVX,2020-03-23,45.1,45.98,41.01,41.97,41.97,23764000,Energy
CVX,2020-03-24,47.59,52.37,46.7,51.52,51.52,29198800,Energy
CVX,2020-03-25,52.87,56.62,51.59,53.62,53.62,22560100,Energy
CVX,2020-03-26,54.42,59.69,52.56,59.13,59.13,24129100,Energy
CVX,2020-03-27,55.83,56.93,53.03,53.25,53.25,20411500,Energy
CVX,2020-03-30,52.65,56.46,51.88,55.7,55.7,18486800,Energy
CVX,2020-03-31,56.72,58.09,54.82,56.09,56.09,18514200,Energy
CVX,2020-04-01,53.81,55.96,52.34,53.08,53.08,14362000,Energy
CVX,2020-04-02,55.54,60.92,53.86,58.93,58.93,23220600,Energy
CVX,2020-04-03,60.38,61.15,56.54,58.15,58.15,14905400,Energy
CVX,2020-04-06,59.61,62.67,58.46,62.23,62.23,17334900,Energy
CVX,2020-04-07,65.23,66.34,62.59,62.64,62.64,16394800,Energy
CVX,2020-04-08,63.7,66.81,63.11,66.56,66.56,12284800,Energy
CVX,2020-04-09,68.7,69.6,63.11,65.27,65.27,17023800,Energy
CVX,2020-04-13,67.49,67.63,64.56,65.73,65.73,13854700,Energy
CVX,2020-04-14,66.16,67.41,65.28,65.5,65.5,14797600,Energy
CVX,2020-04-15,62.29,64.55,61.4,63.86,63.86,13982300,Energy
CVX,2020-04-16,62.95,63.63,61.01,61.92,61.92,12291900,Energy
CVX,2020-04-17,62.96,67.74,62.95,67.48,67.48,16130100,Energy
CVX,2020-04-20,63.99,67.35,63.55,64.69,64.69,15749000,Energy
CVX,2020-04-21,62.15,64.87,61.35,63.2,63.2,19620600,Energy
CVX,2020-04-22,65.76,66.0,64.23,65.37,65.37,10320700,Energy
CVX,2020-04-23,66.81,68.73,66.1,67.2,67.2,14226500,Energy
CVX,2020-04-24,68.5,68.74,66.4,67.36,67.36,9175500,Energy
CVX,2020-04-27,67.16,70.15,66.48,69.45,69.45,12037100,Energy
CVX,2020-04-28,69.32,70.42,68.77,69.6,69.6,10645200,Energy
CVX,2020-04-29,71.59,73.65,71.45,73.25,73.25,12342800,Energy
CVX,2020-04-30,72.55,74.12,70.12,71.22,71.22,12222000,Energy
CVX,2020-05-01,70.84,71.26,67.38,69.24,69.24,13250100,Energy
CVX,2020-05-04,68.71,70.93,67.88,70.79,70.79,11192400,Energy
CVX,2020-05-05,73.16,73.78,71.75,71.91,71.91,13608700,Energy
CVX,2020-05-06,71.88,72.35,69.49,69.71,69.71,11145900,Energy
CVX,2020-05-07,71.98,72.82,71.15,71.72,71.72,9749600,Energy
CVX,2020-05-08,73.54,73.98,72.82,73.91,73.91,8585900,Energy
CVX,2020-05-11,72.93,73.23,72.13,72.28,72.28,7101000,Energy
CVX,2020-05-12,72.1,72.79,70.45,70.52,70.52,8749100,Energy
CVX,2020-05-13,69.6,69.67,67.6,68.67,68.67,12215100,Energy
CVX,2020-05-14,67.57,70.39,66.59,69.71,69.71,10678200,Energy
CVX,2020-05-15,70.18,71.27,68.77,69.02,69.02,10113000,Energy
CVX,2020-05-18,72.58,73.37,71.84,72.7,72.7,12304300,Energy
CVX,2020-05-19,72.68,72.76,70.33,70.4,70.4,7749300,Energy
CVX,2020-05-20,71.48,73.42,70.84,73.05,73.05,9160000,Energy
CVX,2020-05-21,72.87,73.34,71.7,72.3,72.3,8830900,Energy
CVX,2020-05-22,71.83,71.95,70.28,70.92,70.92,8563100,Energy
CVX,2020-05-26,72.65,74.1,72.29,73.29,73.29,9430000,Energy
CVX,2020-05-27,74.37,74.38,72.35,73.76,73.76,7822600,Energy
CVX,2020-05-28,73.53,73.76,71.32,71.38,71.38,9633300,Energy
CVX,2020-05-29,70.84,72.18,70.11,72.03,72.03,17010000,Energy
CVX,2020-06-01,71.43,73.72,70.78,72.89,72.89,7344000,Energy
CVX,2020-06-02,73.66,74.8,73.28,74.38,74.38,7880300,Energy
CVX,2020-06-03,75.38,76.77,75.21,76.34,76.34,8440200,Energy
CVX,2020-06-04,76.02,76.11,74.75,75.63,75.63,6371700,Energy
CVX,2020-06-05,77.83,80.16,77.8,79.19,79.19,12760100,Energy
CVX,2020-06-08,80.62,81.37,79.23,81.1,81.1,11090700,Energy
CVX,2020-06-09,79.1,80.85,78.42,79.75,79.75,10745400,Energy
CVX,2020-06-10,79.34,79.73,76.63,76.65,76.65,10486300,Energy
CVX,2020-06-11,72.5,73.99,70.0,70.2,70.2,14944800,Energy
CVX,2020-06-12,73.54,73.56,70.7,72.57,72.57,9532400,Energy
CVX,2020-06-15,69.98,72.33,69.29,71.66,71.66,12289500,Energy
CVX,2020-06-16,74.62,75.08,71.87,73.86,73.86,8726700,Energy
CVX,2020-06-17,73.7,73.84,71.87,71.91,71.91,6019900,Energy
CVX,2020-06-18,71.48,73.23,70.77,72.22,72.22,7064100,Energy
CVX,2020-06-19,74.16,74.16,71.13,71.19,71.19,14838800,Energy
CVX,2020-06-22,70.95,72.02,70.37,71.94,71.94,5939200,Energy
CVX,2020-06-23,72.66,73.12,71.62,71.83,71.83,6317700,Energy
CVX,2020-06-24,70.69,70.8,68.23,68.84,68.84,8974500,Energy
CVX,2020-06-25,68.58,70.31,68.46,70.07,70.07,7398000,Energy
CVX,2020-06-26,69.74,69.78,67.69,67.91,67.91,13766000,Energy
CVX,2020-06-29,68.27,69.57,68.02,68.87,68.87,7022200,Energy
CVX,2020-06-30,68.02,70.69,67.84,70.09,70.09,8263600,Energy
CVX,2020-07-01,70.13,71.3,68.77,68.83,68.83,6379400,Energy
CVX,2020-07-02,70.2,70.98,69.25,69.37,69.37,5832800,Energy
CVX,2020-07-06,70.3,70.89,68.98,69.57,69.57,6747500,Energy
CVX,2020-07-07,68.98,69.19,67.67,67.8,67.8,5898000,Energy
CVX,2020-07-08,67.86,68.97,67.47,67.83,67.83,6736400,Energy
CVX,2020-07-09,67.53,67.8,64.95,64.99,64.99,8833600,Energy
CVX,2020-07-10,64.8,67.1,64.8,66.95,66.95,6218100,Energy
CVX,2020-07-13,67.58,68.28,66.62,67.08,67.08,7074000,Energy
CVX,2020-07-14,67.07,69.6,66.8,69.4,69.4,7440500,Energy
CVX,2020-07-15,70.84,70.84,69.29,69.82,69.82,5935200,Energy
CVX,2020-07-16,69.47,70.29,68.61,69.41,69.41,4795700,Energy
CVX,2020-07-17,69.45,70.0,68.27,68.49,68.49,5964000,Energy
CVX,2020-07-20,68.21,68.72,66.61,66.98,66.98,14974800,Energy
CVX,2020-07-21,67.92,72.05,67.84,71.79,71.79,15115000,Energy
CVX,2020-07-22,70.66,71.68,69.83,71.51,71.51,10317500,Energy
CVX,2020-07-23,71.09,71.78,70.71,71.49,71.49,6586300,Energy
CVX,2020-07-24,71.86,72.85,70.68,70.8,70.8,6620500,Energy
CVX,2020-07-27,70.51,71.55,69.75,71.51,71.51,7599700,Energy
CVX,2020-07-28,71.06,71.61,69.73,70.0,70.0,6787300,Energy
CVX,2020-07-29,70.29,70.76,69.58,70.75,70.75,6386900,Energy
CVX,2020-07-30,69.46,69.52,67.32,67.77,67.77,10112800,Energy
CVX,2020-07-31,65.39,66.06,64.03,65.94,65.94,19119800,Energy
CVX,2020-08-03,65.97,66.88,65.83,66.62,66.62,11220100,Energy
CVX,2020-08-04,66.36,68.12,66.2,67.94,67.94,9077900,Energy
CVX,2020-08-05,69.23,69.46,67.88,68.5,68.5,7324200,Energy
CVX,2020-08-06,67.89,69.05,67.63,68.71,68.71,7035600,Energy
CVX,2020-08-07,68.24,68.43,67.35,68.18,68.18,7185000,Energy
CVX,2020-08-10,69.08,70.51,68.81,70.48,70.48,8150200,Energy
CVX,2020-08-11,72.23,73.06,70.04,70.4,70.4,9074300,Energy
CVX,2020-08-12,71.32,72.0,70.26,71.26,71.26,9057400,Energy
CVX,2020-08-13,70.59,71.7,70.51,70.55,70.55,7314600,Energy
CVX,2020-08-14,69.91,71.16,69.79,70.97,70.97,6343000,Energy
CVX,2020-08-17,70.97,71.94,70.48,71.3,71.3,10473800,Energy
CVX,2020-08-18,70.89,71.21,69.58,69.83,69.83,7981500,Energy
CVX,2020-08-19,69.56,70.04,68.69,68.84,68.84,9120300,Energy
CVX,2020-08-20,68.07,69.24,67.52,67.58,67.58,7872300,Energy
CVX,2020-08-21,67.47,67.8,66.54,67.79,67.79,9003600,Energy
CVX,2020-08-24,68.21,69.6,67.64,69.48,69.48,8738700,Energy
CVX,2020-08-25,70.13,70.15,68.34,68.63,68.63,6835800,Energy
CVX,2020-08-26,68.3,68.4,67.46,67.56,67.56,7486500,Energy
CVX,2020-08-27,67.86,68.23,66.91,67.66,67.66,7438200,Energy
CVX,2020-08-28,67.77,68.31,67.19,68.23,68.23,7307900,Energy
CVX,2020-08-31,68.39,68.45,66.83,66.88,66.88,9437500,Energy
CVX,2020-09-01,66.34,66.64,65.7,66.2,66.2,8990600,Energy
CVX,2020-09-02,66.18,66.9,65.9,66.29,66.29,10821900,Energy
CVX,2020-09-03,66.18,67.32,65.11,65.56,65.56,16179900,Energy
CVX,2020-09-04,65.71,66.65,64.46,65.28,65.28,10516600,Energy
CVX,2020-09-08,64.14,64.21,62.18,62.93,62.93,14942500,Energy
CVX,2020-09-09,63.72,64.6,63.49,63.77,63.77,9269800,Energy
CVX,2020-09-10,64.25,64.46,62.19,62.27,62.27,11845900,Energy
CVX,2020-09-11,62.34,62.7,61.41,61.91,61.91,13732400,Energy
CVX,2020-09-14,61.74,62.14,61.29,61.59,61.59,8182800,Energy
CVX,2020-09-15,61.8,62.54,60.53,60.84,60.84,11732000,Energy
CVX,2020-09-16,60.84,63.33,60.53,62.6,62.6,13019000,Energy
CVX,2020-09-17,61.78,62.83,60.85,62.78,62.78,10515100,Energy
CVX,2020-09-18,62.06,63.07,61.75,62.32,62.32,14517800,Energy
CVX,2020-09-21,60.75,61.08,59.51,60.8,60.8,16199100,Energy
CVX,2020-09-22,60.68,61.78,60.04,60.18,60.18,9155000,Energy
CVX,2020-09-23,60.23,60.49,57.25,57.33,57.33,16649200,Energy
CVX,2020-09-24,56.77,58.19,56.18,57.21,57.21,15203500,Energy
CVX,2020-09-25,56.58,57.75,56.39,57.24,57.24,11070500,Energy
CVX,2020-09-28,58.68,59.57,58.29,58.91,58.91,12863800,Energy
CVX,2020-09-29,58.97,59.08,56.66,57.29,57.29,10553000,Energy
CVX,2020-09-30,57.57,58.08,57.06,57.37,57.37,10466500,Energy
CVX,2020-10-01,56.98,57.28,55.8,56.11,56.11,14930700,Energy
CVX,2020-10-02,54.92,57.11,54.84,56.73,56.73,9854800,Energy
CVX,2020-10-05,56.99,57.95,56.34,57.93,57.93,12049800,Energy
CVX,2020-10-06,58.84,59.22,57.57,57.61,57.61,15294500,Energy
CVX,2020-10-07,57.51,58.9,57.02,58.79,58.79,15410300,Energy
CVX,2020-10-08,59.28,60.2,58.96,59.94,59.94,11590900,Energy
CVX,2020-10-09,60.45,60.63,58.95,58.97,58.97,12260900,Energy
CVX,2020-10-12,58.67,59.72,58.33,59.37,59.37,9056900,Energy
CVX,2020-10-13,59.56,59.56,57.99,58.49,58.49,10440300,Energy
CVX,2020-10-14,58.39,59.31,58.1,58.13,58.13,7057500,Energy
CVX,2020-10-15,57.23,58.74,56.89,58.57,58.57,10052100,Energy
CVX,2020-10-16,58.58,58.99,57.59,58.08,58.08,9305600,Energy
CVX,2020-10-19,58.26,58.44,56.73,56.8,56.8,8357100,Energy
CVX,2020-10-20,57.3,57.6,56.61,57.12,57.12,7753200,Energy
CVX,2020-10-21,56.68,57.04,56.36,56.47,56.47,9800600,Energy
CVX,2020-10-22,56.48,58.56,56.23,58.49,58.49,9810100,Energy
CVX,2020-10-23,58.91,59.25,57.24,57.83,57.83,8727200,Energy
CVX,2020-10-26,57.16,57.28,55.97,56.53,56.53,9710900,Energy
CVX,2020-10-27,56.11,56.26,55.37,55.39,55.39,14251700,Energy
CVX,2020-10-28,53.94,54.25,52.85,53.29,53.29,15961900,Energy
CVX,2020-10-29,52.69,55.09,51.92,54.82,54.82,12292200,Energy
CVX,2020-10-30,55.7,55.87,54.25,55.38,55.38,17191600,Energy
CVX,2020-11-02,56.34,58.23,55.3,57.49,57.49,11475500,Energy
CVX,2020-11-03,58.3,58.41,56.61,57.16,57.16,8608000,Energy
CVX,2020-11-04,56.4,58.64,55.69,57.19,57.19,10925700,Energy
CVX,2020-11-05,57.29,58.14,57.18,57.48,57.48,10627700,Energy
CVX,2020-11-06,57.77,58.38,56.44,56.69,56.69,8366900,Energy
CVX,2020-11-09,63.75,67.15,62.36,63.27,63.27,24015200,Energy
CVX,2020-11-10,64.65,66.26,63.52,66.19,66.19,15039700,Energy
CVX,2020-11-11,67.01,67.32,65.18,65.71,65.71,11640600,Energy
CVX,2020-11-12,64.53,65.53,63.67,64.28,64.28,8920700,Energy
CVX,2020-11-13,64.66,66.42,64.57,66.16,66.16,10890300,Energy
CVX,2020-11-16,68.72,71.06,68.16,70.89,70.89,18980200,Energy
CVX,2020-11-17,69.86,70.77,68.59,70.38,70.38,14329000,Energy
CVX,2020-11-18,70.64,71.07,68.12,68.15,68.15,10583700,Energy
CVX,2020-11-19,67.55,69.5,67.16,69.32,69.32,8820200,Energy
CVX,2020-11-20,69.31,69.79,68.63,69.37,69.37,8294600,Energy
CVX,2020-11-23,70.71,74.05,70.15,73.6,73.6,13379300,Energy
CVX,2020-11-24,75.51,77.48,75.2,77.31,77.31,17257400,Energy
CVX,2020-11-25,76.55,76.55,74.5,74.5,74.5,10556600,Energy
CVX,2020-11-27,73.85,74.86,73.21,73.83,73.83,4627700,Energy
CVX,2020-11-30,72.78,73.46,70.26,70.49,70.49,14288400,Energy
CVX,2020-12-01,72.19,72.54,70.4,70.71,70.71,9913600,Energy
CVX,2020-12-02,70.55,73.83,70.43,72.66,72.66,10509600,Energy
CVX,2020-12-03,73.24,73.67,72.02,72.61,72.61,8249800,Energy
CVX,2020-12-04,73.76,75.56,73.51,75.42,75.42,10791100,Energy
CVX,2020-12-07,74.24,74.69,72.67,73.38,73.38,9398400,Energy
CVX,2020-12-08,73.04,74.76,72.92,74.02,74.02,7627300,Energy
CVX,2020-12-09,74.55,75.21,72.26,73.13,73.13,11129400,Energy
CVX,2020-12-10,74.02,76.46,73.4,75.48,75.48,11992100,Energy
CVX,2020-12-11,74.82,75.42,73.6,74.75,74.75,9584500,Energy
CVX,2020-12-14,75.52,75.76,72.16,72.32,72.32,12198400,Energy
CVX,2020-12-15,72.3,73.16,71.78,72.26,72.26,11775300,Energy
CVX,2020-12-16,72.12,72.24,71.03,71.71,71.71,9892900,Energy
CVX,2020-12-17,72.4,72.41,70.79,71.48,71.48,11748900,Energy
CVX,2020-12-18,71.14,71.73,69.75,70.5,70.5,27427600,Energy
CVX,2020-12-21,68.2,70.21,67.54,69.61,69.61,11430500,Energy
CVX,2020-12-22,69.08,69.37,68.16,68.21,68.21,8585800,Energy
CVX,2020-12-23,68.73,70.07,68.73,69.29,69.29,7223100,Energy
CVX,2020-12-24,69.48,69.48,68.57,68.99,68.99,3335600,Energy
CVX,2020-12-28,69.22,70.05,68.42,68.65,68.65,8051900,Energy
CVX,2020-12-29,68.94,69.31,67.96,68.41,68.41,7670800,Energy
CVX,2020-12-30,68.41,70.0,68.36,68.99,68.99,7901800,Energy
CVX,2020-12-31,68.65,68.89,67.89,68.28,68.28,8350700,Energy
CVX,2021-01-04,68.85,69.5,67.83,68.49,68.49,9234900,Energy
CVX,2021-01-05,69.12,72.14,68.99,70.34,70.34,13414800,Energy
CVX,2021-01-06,71.96,73.4,71.01,72.61,72.61,13916800,Energy
CVX,2021-01-07,73.09,73.43,72.21,72.95,72.95,9286600,Energy
CVX,2021-01-08,74.45,74.73,73.13,73.64,73.64,11152100,Energy
CVX,2021-01-11,72.06,74.47,71.61,74.06,74.06,10635000,Energy
CVX,2021-01-12,74.92,75.94,74.15,75.47,75.47,10923900,Energy
CVX,2021-01-13,75.36,75.62,74.34,75.4,75.4,9723300,Energy
CVX,2021-01-14,75.96,77.88,75.83,77.21,77.21,13950200,Energy
CVX,2021-01-15,76.18,76.25,74.15,74.46,74.46,10244600,Energy
CVX,2021-01-19,75.6,76.84,75.43,76.42,76.42,9574800,Energy
CVX,2021-01-20,76.81,77.27,76.25,77.12,77.12,8735400,Energy
CVX,2021-01-21,75.89,76.54,73.76,74.4,74.4,10393100,Energy
CVX,2021-01-22,73.09,74.41,72.63,74.17,74.17,7810600,Energy
CVX,2021-01-25,73.27,73.6,72.23,73.5,73.5,7689400,Energy
CVX,2021-01-26,74.55,75.12,72.18,72.25,72.25,7827800,Energy
CVX,2021-01-27,70.77,73.05,70.14,71.31,71.31,10178500,Energy
CVX,2021-01-28,71.69,72.89,71.35,71.98,71.98,8155500,Energy
CVX,2021-01-29,70.21,70.62,68.66,68.89,68.89,14699800,Energy
CVX,2021-02-01,69.53,70.59,68.38,69.87,69.87,8073600,Energy
CVX,2021-02-02,71.16,71.45,69.96,70.39,70.39,9233100,Energy
CVX,2021-02-03,70.38,72.28,70.26,71.93,71.93,9256500,Energy
CVX,2021-02-04,72.37,72.49,71.11,71.96,71.96,7917600,Energy
CVX,2021-02-05,72.72,73.15,71.67,72.17,72.17,8017300,Energy
CVX,2021-02-08,73.0,74.42,72.78,73.97,73.97,9886600,Energy
CVX,2021-02-09,73.66,73.8,72.62,73.55,73.55,7605500,Energy
CVX,2021-02-10,73.89,74.86,73.26,74.81,74.81,8778800,Energy
CVX,2021-02-11,74.69,74.74,72.83,74.4,74.4,8572400,Energy
CVX,2021-02-12,74.01,74.98,73.86,74.83,74.83,7858300,Energy
CVX,2021-02-16,76.3,76.96,75.94,76.37,76.37,14006000,Energy
CVX,2021-02-17,78.24,79.31,77.24,78.65,78.65,14342300,Energy
CVX,2021-02-18,78.51,78.54,77.32,77.9,77.9,9030600,Energy
CVX,2021-02-19,78.01,79.03,77.61,78.55,78.55,8913900,Energy
CVX,2021-02-22,79.53,81.7,79.1,80.68,80.68,13178700,Energy
CVX,2021-02-23,81.97,82.13,79.37,81.69,81.69,14874000,Energy
CVX,2021-02-24,82.27,85.31,81.84,84.71,84.71,16116000,Energy
CVX,2021-02-25,86.02,86.07,83.3,83.93,83.93,13219200,Energy
CVX,2021-02-26,82.24,82.87,80.04,82.0,82.0,14454100,Energy
CVX,2021-03-01,84.02,85.11,83.15,83.68,83.68,10439900,Energy
CVX,2021-03-02,83.55,84.71,83.4,84.0,84.0,10643500,Energy
CVX,2021-03-03,84.79,86.71,84.79,84.94,84.94,14958200,Energy
CVX,2021-03-04,85.7,88.21,84.56,85.69,85.69,22994200,Energy
CVX,2021-03-05,87.71,89.48,87.04,89.38,89.38,23638200,Energy
CVX,2021-03-08,90.08,90.55,88.61,89.99,89.99,18033600,Energy
CVX,2021-03-09,89.44,90.76,88.46,89.79,89.79,19010700,Energy
CVX,2021-03-10,90.36,91.85,89.95,91.32,91.32,17389900,Energy
CVX,2021-03-11,91.55,92.29,90.93,91.17,91.17,10989500,Energy
CVX,2021-03-12,91.54,92.41,90.79,91.48,91.48,10930300,Energy
CVX,2021-03-15,91.45,91.76,89.29,90.4,90.4,10488000,Energy
CVX,2021-03-16,88.99,89.28,87.8,88.26,88.26,11698400,Energy
CVX,2021-03-17,87.91,89.02,87.41,88.58,88.58,9168600,Energy
CVX,2021-03-18,87.75,88.17,85.04,85.38,85.38,13246600,Energy
CVX,2021-03-19,85.23,86.01,84.25,84.77,84.77,18491000,Energy
CVX,2021-03-22,84.51,85.69,83.89,84.08,84.08,12508500,Energy
CVX,2021-03-23,83.19,85.52,82.56,83.61,83.61,14781700,Energy
CVX,2021-03-24,84.45,86.72,84.38,85.85,85.85,11026800,Energy
CVX,2021-03-25,84.34,86.31,83.7,86.16,86.16,11138200,Energy
CVX,2021-03-26,87.36,88.18,86.39,88.13,88.13,9820200,Energy
CVX,2021-03-29,87.25,88.17,86.67,87.67,87.67,7542300,Energy
CVX,2021-03-30,86.97,87.6,86.58,86.86,86.86,6284600,Energy
CVX,2021-03-31,86.55,87.1,85.77,85.93,85.93,8954400,Energy
CVX,2021-04-01,86.31,86.8,85.45,86.71,86.71,8515800,Energy
CVX,2021-04-05,86.7,86.78,85.42,85.7,85.7,8692700,Energy
CVX,2021-04-06,85.48,86.16,84.83,84.93,84.93,8125100,Energy
CVX,2021-04-07,84.84,85.75,84.67,85.43,85.43,7699300,Energy
CVX,2021-04-08,84.88,84.97,83.7,84.47,84.47,8283000,Energy
CVX,2021-04-09,84.56,85.02,83.72,84.39,84.39,7163700,Energy
CVX,2021-04-12,85.01,85.16,83.24,83.46,83.46,7845900,Energy
CVX,2021-04-13,83.28,84.13,83.06,83.84,83.84,6829900,Energy
CVX,2021-04-14,84.17,86.37,84.13,85.5,85.5,10194800,Energy
CVX,2021-04-15,85.29,85.5,84.4,84.8,84.8,7860500,Energy
CVX,2021-04-16,85.11,85.57,83.99,84.43,84.43,7459700,Energy
CVX,2021-04-19,84.68,85.14,83.81,84.67,84.67,7068700,Energy
CVX,2021-04-20,84.32,84.45,82.42,83.09,83.09,9783800,Energy
CVX,2021-04-21,82.27,84.45,82.11,84.24,84.24,8264400,Energy
CVX,2021-04-22,84.35,84.35,82.71,82.78,82.78,9899400,Energy
CVX,2021-04-23,82.9,83.78,82.59,83.27,83.27,6756000,Energy
CVX,2021-04-26,83.04,84.19,83.03,83.24,83.24,5639700,Energy
CVX,2021-04-27,83.48,84.54,83.24,84.21,84.21,6898900,Energy
CVX,2021-04-28,84.9,86.8,84.76,86.28,86.28,8718400,Energy
CVX,2021-04-29,87.26,88.27,86.71,87.66,87.66,9740300,Energy
CVX,2021-04-30,86.08,86.42,84.43,84.52,84.52,13730000,Energy
CVX,2021-05-03,85.26,86.69,84.64,86.53,86.53,7938100,Energy
CVX,2021-05-04,86.89,87.34,85.98,87.01,87.01,8704300,Energy
CVX,2021-05-05,87.81,89.82,87.59,89.35,89.35,12872400,Energy
CVX,2021-05-06,89.34,89.48,88.08,89.39,89.39,9654900,Energy
CVX,2021-05-07,88.63,90.75,88.31,90.21,90.21,10273000,Energy
CVX,2021-05-10,91.38,92.75,89.8,89.85,89.85,13586500,Energy
CVX,2021-05-11,89.43,89.85,87.09,87.49,87.49,12754800,Energy
CVX,2021-05-12,87.74,90.32,87.51,88.04,88.04,11661900,Energy
CVX,2021-05-13,86.98,88.45,86.46,87.48,87.48,9706300,Energy
CVX,2021-05-14,88.39,90.05,88.39,89.76,89.76,9124100,Energy
CVX,2021-05-17,89.45,90.92,89.35,90.86,90.86,12692900,Energy
CVX,2021-05-18,90.42,90.52,87.96,88.13,88.13,12759900,Energy
CVX,2021-05-19,86.17,86.56,84.64,85.66,85.66,14762700,Energy
CVX,2021-05-20,85.55,86.38,84.64,85.96,85.96,9706300,Energy
CVX,2021-05-21,86.41,87.32,86.06,86.42,86.42,10352800,Energy
CVX,2021-05-24,87.11,87.85,86.32,87.65,87.65,6785600,Energy
CVX,2021-05-25,87.51,87.67,86.0,86.21,86.21,7884000,Energy
CVX,2021-05-26,86.75,87.08,86.04,86.42,86.42,9232400,Energy
CVX,2021-05-27,86.42,87.08,85.14,85.5,85.5,11703400,Energy
CVX,2021-05-28,86.01,86.42,85.45,86.15,86.15,7278200,Energy
CVX,2021-06-01,87.4,89.17,87.4,88.52,88.52,10260600,Energy
CVX,2021-06-02,88.99,90.11,88.16,89.71,89.71,9141800,Energy
CVX,2021-06-03,89.28,89.72,88.45,89.3,89.3,8809300,Energy
CVX,2021-06-04,89.84,90.2,88.99,90.02,90.02,6699300,Energy
CVX,2021-06-07,89.95,90.22,89.29,89.43,89.43,6748600,Energy
CVX,2021-06-08,89.35,90.46,88.23,90.25,90.25,10559500,Energy
CVX,2021-06-09,90.52,90.91,89.35,89.46,89.46,10146900,Energy
CVX,2021-06-10,90.52,91.51,89.02,89.98,89.98,13526200,Energy
CVX,2021-06-11,90.34,90.45,89.53,89.57,89.57,7731700,Energy
CVX,2021-06-14,89.79,90.44,88.67,89.62,89.62,9051900,Energy
CVX,2021-06-15,89.98,91.7,89.97,91.55,91.55,10540200,Energy
CVX,2021-06-16,91.33,91.73,90.39,91.03,91.03,9283300,Energy
CVX,2021-06-17,90.67,91.29,79.94,88.87,88.87,14337800,Energy
CVX,2021-06-18,87.36,88.21,85.42,85.52,85.52,22284500,Energy
CVX,2021-06-21,86.41,88.35,86.26,88.02,88.02,13591500,Energy
CVX,2021-06-22,87.43,88.78,86.58,88.31,88.31,10230100,Energy
CVX,2021-06-23,89.11,89.75,88.17,88.21,88.21,7792800,Energy
CVX,2021-06-24,88.93,89.46,88.28,88.93,88.93,8724600,Energy
CVX,2021-06-25,89.3,89.69,88.63,89.06,89.06,8102300,Energy
CVX,2021-06-28,88.77,88.81,86.04,86.31,86.31,11348400,Energy
CVX,2021-06-29,86.81,87.13,86.0,86.12,86.12,7225500,Energy
CVX,2021-06-30,86.19,87.05,86.09,86.94,86.94,7927500,Energy
CVX,2021-07-01,88.77,88.9,87.77,88.16,88.16,10873200,Energy
CVX,2021-07-02,87.73,88.31,87.19,88.04,88.04,7107700,Energy
CVX,2021-07-06,87.96,87.96,85.82,86.31,86.31,10162800,Energy
CVX,2021-07-07,86.29,87.07,84.76,85.43,85.43,8245000,Energy
CVX,2021-07-08,84.25,85.57,84.01,85.16,85.16,8695500,Energy
CVX,2021-07-09,85.87,86.51,84.96,86.38,86.38,8567900,Energy
CVX,2021-07-12,85.96,87.17,85.69,86.55,86.55,9898600,Energy
CVX,2021-07-13,86.32,86.8,85.67,86.26,86.26,6738000,Energy
CVX,2021-07-14,86.72,87.42,84.43,84.64,84.64,9216600,Energy
CVX,2021-07-15,83.87,84.87,83.71,84.08,84.08,9665700,Energy
CVX,2021-07-16,84.36,84.4,81.62,81.86,81.86,12199100,Energy
CVX,2021-07-19,79.53,80.47,78.45,79.65,79.65,17385500,Energy
CVX,2021-07-20,79.59,81.38,78.89,80.12,80.12,12114600,Energy
CVX,2021-07-21,81.33,83.39,81.09,82.85,82.85,11478100,Energy
CVX,2021-07-22,82.5,82.51,81.25,82.02,82.02,7694300,Energy
CVX,2021-07-23,82.01,82.27,81.29,82.06,82.06,7570800,Energy
CVX,2021-07-26,82.55,84.05,82.54,83.79,83.79,10227500,Energy
CVX,2021-07-27,83.04,83.6,82.12,83.51,83.51,8332100,Energy
CVX,2021-07-28,83.75,84.5,83.23,83.98,83.98,8546100,Energy
CVX,2021-07-29,84.98,85.39,84.61,85.14,85.14,8681300,Energy
CVX,2021-07-30,85.54,86.36,83.64,84.5,84.5,12295300,Energy
CVX,2021-08-02,84.73,86.31,84.3,84.36,84.36,8911800,Energy
CVX,2021-08-03,84.32,85.42,83.56,85.16,85.16,8437300,Energy
CVX,2021-08-04,83.37,84.58,83.09,83.25,83.25,10389800,Energy
CVX,2021-08-05,83.78,85.02,83.56,84.02,84.02,7986100,Energy
CVX,2021-08-06,84.68,85.14,84.33,84.62,84.62,6475600,Energy
CVX,2021-08-09,83.76,84.15,82.94,83.21,83.21,9243100,Energy
CVX,2021-08-10,83.62,84.93,83.48,84.73,84.73,9762600,Energy
CVX,2021-08-11,84.7,85.47,84.33,85.37,85.37,7079800,Energy
CVX,2021-08-12,85.38,85.7,84.48,85.19,85.19,7377600,Energy
CVX,2021-08-13,84.85,85.11,84.36,84.63,84.63,6572600,Energy
CVX,2021-08-16,83.69,84.0,82.93,83.77,83.77,9476600,Energy
CVX,2021-08-17,83.17,84.4,82.7,83.61,83.61,10937500,Energy
CVX,2021-08-18,83.02,83.63,81.22,81.35,81.35,12893600,Energy
CVX,2021-08-19,79.76,80.18,78.11,79.32,79.32,17423400,Energy
CVX,2021-08-20,78.67,79.81,78.41,79.33,79.33,9707600,Energy
CVX,2021-08-23,80.83,81.6,80.81,81.37,81.37,10277800,Energy
CVX,2021-08-24,82.02,82.95,81.93,82.3,82.3,8924900,Energy
CVX,2021-08-25,81.78,83.04,81.36,82.87,82.87,9342300,Energy
CVX,2021-08-26,82.53,83.05,81.77,81.78,81.78,8124800,Energy
CVX,2021-08-27,82.56,83.67,82.48,82.98,82.98,10281200,Energy
CVX,2021-08-30,83.36,83.54,82.41,82.77,82.77,8127200,Energy
CVX,2021-08-31,82.56,82.78,81.29,81.4,81.4,15676900,Energy
CVX,2021-09-01,81.48,81.66,80.31,80.51,80.51,10557300,Energy
CVX,2021-09-02,81.29,82.77,81.22,82.19,82.19,12340100,Energy
CVX,2021-09-03,81.93,82.8,81.92,82.01,82.01,9097000,Energy
CVX,2021-09-07,81.61,82.42,81.38,81.65,81.65,9237800,Energy
CVX,2021-09-08,82.02,82.83,81.05,81.08,81.08,10775900,Energy
CVX,2021-09-09,80.66,82.12,80.21,80.76,80.76,10219400,Energy
CVX,2021-09-10,82.1,82.19,80.66,80.82,80.82,11006000,Energy
CVX,2021-09-13,81.77,83.04,81.65,82.41,82.41,11500900,Energy
CVX,2021-09-14,82.76,83.06,80.74,80.92,80.92,15294100,Energy
CVX,2021-09-15,81.59,82.88,81.59,82.64,82.64,11623400,Energy
CVX,2021-09-16,82.71,82.94,81.52,81.87,81.87,10616700,Energy
CVX,2021-09-17,81.69,82.76,81.07,81.4,81.4,16006100,Energy
CVX,2021-09-20,79.61,80.13,78.49,79.73,79.73,15796100,Energy
CVX,2021-09-21,80.39,80.66,79.1,79.79,79.79,10958400,Energy
CVX,2021-09-22,80.96,83.09,80.96,82.14,82.14,13292800,Energy
CVX,2021-09-23,82.64,84.35,82.23,84.17,84.17,10094900,Energy
CVX,2021-09-24,83.83,84.94,83.83,84.63,84.63,8225300,Energy
CVX,2021-09-27,86.3,87.3,86.3,86.62,86.62,12697500,Energy
CVX,2021-09-28,87.41,88.23,86.54,86.95,86.95,15560800,Energy
CVX,2021-09-29,86.82,87.69,86.09,86.92,86.92,10268100,Energy
CVX,2021-09-30,87.0,87.02,85.34,85.34,85.34,15319800,Energy
CVX,2021-10-01,85.99,87.94,85.7,87.76,87.76,10854900,Energy
CVX,2021-10-04,88.33,89.05,87.58,88.09,88.09,13305400,Energy
CVX,2021-10-05,89.2,90.66,88.68,89.05,89.05,13017300,Energy
CVX,2021-10-06,87.64,88.62,87.13,88.27,88.27,10630100,Energy
CVX,2021-10-07,88.84,89.42,88.51,88.9,88.9,8830900,Energy
CVX,2021-10-08,89.85,91.21,89.67,90.89,90.89,10586700,Energy
CVX,2021-10-11,92.16,92.22,89.94,90.12,90.12,9794800,Energy
CVX,2021-10-12,90.0,90.5,89.31,90.14,90.14,9085000,Energy
CVX,2021-10-13,89.82,91.14,89.57,90.67,90.67,9220700,Energy
CVX,2021-10-14,91.59,91.83,90.94,91.53,91.53,7648600,Energy
CVX,2021-10-15,92.34,92.56,92.05,92.21,92.21,9968100,Energy
CVX,2021-10-18,92.72,92.88,91.66,92.16,92.16,10677400,Energy
CVX,2021-10-19,92.67,93.96,92.37,93.96,93.96,10362800,Energy
CVX,2021-10-20,93.45,95.2,93.19,95.19,95.19,10811400,Energy
CVX,2021-10-21,94.81,94.9,93.27,94.0,94.0,9372600,Energy
CVX,2021-10-22,94.4,94.96,93.75,94.89,94.89,8673800,Energy
CVX,2021-10-25,95.5,96.19,95.31,95.77,95.77,9579800,Energy
CVX,2021-10-26,95.88,96.4,95.49,95.98,95.98,7463000,Energy
CVX,2021-10-27,95.24,95.54,93.92,94.27,94.27,9096100,Energy
CVX,2021-10-28,93.86,95.28,93.86,95.16,95.16,7538200,Energy
CVX,2021-10-29,96.6,96.98,95.18,96.31,96.31,15294200,Energy
CVX,2021-11-01,96.76,96.82,95.94,96.34,96.34,11213800,Energy
CVX,2021-11-02,96.05,96.06,95.23,95.76,95.76,9189700,Energy
CVX,2021-11-03,94.44,95.28,94.19,95.07,95.07,10416000,Energy
CVX,2021-11-04,96.08,96.12,94.98,95.49,95.49,9673000,Energy
CVX,2021-11-05,96.13,96.78,95.84,96.52,96.52,8102100,Energy
CVX,2021-11-08,96.82,97.57,96.48,96.87,96.87,7695900,Energy
CVX,2021-11-09,96.97,97.68,96.29,97.58,97.58,10945900,Energy
CVX,2021-11-10,97.38,97.76,95.61,96.02,96.02,10305100,Energy
CVX,2021-11-11,95.56,96.46,95.54,96.03,96.03,7317500,Energy
CVX,2021-11-12,95.73,96.16,95.55,96.09,96.09,8682800,Energy
CVX,2021-11-15,96.7,98.38,96.13,98.27,98.27,11050400,Energy
CVX,2021-11-16,98.51,99.33,98.3,98.66,98.66,10566300,Energy
CVX,2021-11-17,97.75,99.16,97.57,98.21,98.21,11108000,Energy
CVX,2021-11-18,97.73,98.18,96.5,97.39,97.39,8368600,Energy
CVX,2021-11-19,95.74,96.28,94.54,95.23,95.23,13532600,Energy
CVX,2021-11-22,95.32,98.02,95.18,96.93,96.93,9947100,Energy
CVX,2021-11-23,98.02,99.42,97.91,98.96,98.96,10366800,Energy
CVX,2021-11-24,99.4,100.41,99.29,99.72,99.72,8500900,Energy
CVX,2021-11-26,96.45,97.71,95.84,97.44,97.44,11861800,Energy
CVX,2021-11-29,99.0,99.7,97.61,97.73,97.73,12003800,Energy
CVX,2021-11-30,96.54,98.59,95.68,96.04,96.04,24451200,Energy
CVX,2021-12-01,97.81,98.76,95.38,95.39,95.39,12302700,Energy
CVX,2021-12-02,96.37,98.45,95.25,97.98,97.98,11392400,Energy
CVX,2021-12-03,99.34,99.56,96.66,97.36,97.36,10445100,Energy
CVX,2021-12-06,98.67,99.94,97.9,98.88,98.88,9833900,Energy
CVX,2021-12-07,99.76,100.97,99.76,100.34,100.34,11419600,Energy
CVX,2021-12-08,100.74,101.48,100.12,100.79,100.79,8827900,Energy
CVX,2021-12-09,100.28,100.92,100.05,100.53,100.53,8334700,Energy
CVX,2021-12-10,101.2,101.43,99.45,100.7,100.7,9090700,Energy
CVX,2021-12-13,99.95,100.28,98.38,98.61,98.61,8533000,Energy
CVX,2021-12-14,98.49,99.49,98.26,98.9,98.9,12245300,Energy
CVX,2021-12-15,98.98,98.98,96.96,98.33,98.33,11069500,Energy
CVX,2021-12-16,98.87,100.57,98.64,99.25,99.25,11344700,Energy
CVX,2021-12-17,98.64,99.1,96.61,96.67,96.67,22727900,Energy
CVX,2021-12-20,95.19,96.76,94.22,96.71,96.71,13464400,Energy
CVX,2021-12-21,97.37,98.77,97.25,98.26,98.26,11368200,Energy
CVX,2021-12-22,98.21,99.29,97.36,98.82,98.82,8345200,Energy
CVX,2021-12-23,99.14,100.34,99.05,99.06,99.06,7416600,Energy
CVX,2021-12-27,98.77,101.11,98.21,101.08,101.08,7745500,Energy
CVX,2021-12-28,100.97,101.55,100.44,100.89,100.89,6516000,Energy
CVX,2021-12-29,100.48,100.96,99.81,100.37,100.37,6957400,Energy
CVX,2021-12-30,100.52,101.0,99.85,99.93,99.93,6016000,Energy
CVX,2021-12-31,99.88,100.49,99.67,99.86,99.86,5706600,Energy
CVX,2022-01-03,99.92,101.85,99.81,101.48,101.48,10717700,Energy
CVX,2022-01-04,102.07,103.8,101.82,103.33,103.33,16413100,Energy
CVX,2022-01-05,104.02,105.38,103.87,104.0,104.0,15487100,Energy
CVX,2022-01-06,105.19,105.79,103.51,104.89,104.89,13318500,Energy
CVX,2022-01-07,105.13,106.83,104.62,106.39,106.39,14164600,Energy
CVX,2022-01-10,106.49,106.95,105.4,106.46,106.46,12626100,Energy
CVX,2022-01-11,107.1,108.92,106.22,108.89,108.89,14609000,Energy
CVX,2022-01-12,108.91,109.29,107.62,108.35,108.35,12469200,Energy
CVX,2022-01-13,108.19,109.0,107.6,107.9,107.9,9691300,Energy
CVX,2022-01-14,107.86,109.94,107.86,109.74,109.74,13281000,Energy
CVX,2022-01-18,110.36,110.62,108.81,110.09,110.09,12905500,Energy
CVX,2022-01-19,110.58,110.75,109.38,109.69,109.69,12064300,Energy
CVX,2022-01-20,109.15,111.35,108.82,109.3,109.3,11370400,Energy
CVX,2022-01-21,108.72,109.26,107.41,107.99,107.99,13055700,Energy
CVX,2022-01-24,105.9,108.69,104.53,108.22,108.22,19513700,Energy
CVX,2022-01-25,108.17,112.95,106.6,112.83,112.83,19984500,Energy
CVX,2022-01-26,113.09,114.63,111.97,112.91,112.91,17266500,Energy
CVX,2022-01-27,114.41,116.58,113.68,115.19,115.19,20654100,Energy
CVX,2022-01-28,110.62,112.37,108.98,111.14,111.14,24817800,Energy
CVX,2022-01-31,110.78,112.2,110.05,111.75,111.75,16401800,Energy
CVX,2022-02-01,111.33,115.51,111.06,114.7,114.7,16169700,Energy
CVX,2022-02-02,114.32,115.56,113.0,115.23,115.23,10906700,Energy
CVX,2022-02-03,114.75,115.17,113.34,114.2,114.2,9447700,Energy
CVX,2022-02-04,114.88,116.58,114.88,115.62,115.62,13034700,Energy
CVX,2022-02-07,115.17,118.65,114.73,117.9,117.9,18422500,Energy
CVX,2022-02-08,117.58,117.79,114.88,116.1,116.1,11021600,Energy
CVX,2022-02-09,116.34,117.72,115.81,117.25,117.25,10140800,Energy
CVX,2022-02-10,117.05,118.1,115.21,115.76,115.76,11012700,Energy
CVX,2022-02-11,116.46,118.65,115.97,118.12,118.12,12821200,Energy
CVX,2022-02-14,117.38,117.47,114.92,116.3,116.3,15945000,Energy
CVX,2022-02-15,114.43,115.94,113.66,115.45,115.45,11746800,Energy
CVX,2022-02-16,116.04,117.08,115.02,115.48,115.48,11348800,Energy
CVX,2022-02-17,115.37,115.72,113.89,114.89,114.89,10073900,Energy
CVX,2022-02-18,114.21,115.14,113.55,114.72,114.72,10691800,Energy
CVX,2022-02-22,117.8,117.8,112.23,113.85,113.85,19428700,Energy
CVX,2022-02-23,114.3,117.01,113.98,116.56,116.56,16134200,Energy
CVX,2022-02-24,118.6,118.86,113.26,115.95,115.95,22108900,Energy
CVX,2022-02-25,116.91,120.81,116.45,120.71,120.71,28028000,Energy
CVX,2022-02-28,119.75,123.82,119.22,123.82,123.82,24394300,Energy
CVX,2022-03-01,124.69,128.95,124.42,128.74,128.74,31159900,Energy
CVX,2022-03-02,129.15,133.92,129.02,132.54,132.54,31329500,Energy
CVX,2022-03-03,130.92,135.1,130.48,134.33,134.33,22492900,Energy
CVX,2022-03-04,133.96,137.54,133.36,136.42,136.42,29034400,Energy
CVX,2022-03-07,137.49,139.38,133.9,139.33,139.33,34824700,Energy
CVX,2022-03-08,141.28,149.62,141.1,146.63,146.63,57231000,Energy
CVX,2022-03-09,139.96,145.98,138.62,142.97,142.97,43430000,Energy
CVX,2022-03-10,145.09,150.27,144.71,146.88,146.88,34913600,Energy
CVX,2022-03-11,142.64,148.74,142.63,146.95,146.95,28423600,Energy
CVX,2022-03-14,142.92,144.76,141.28,143.36,143.36,25156200,Energy
CVX,2022-03-15,136.81,137.74,133.5,136.1,136.1,28534400,Energy
CVX,2022-03-16,136.54,138.01,134.32,135.61,135.61,22299700,Energy
CVX,2022-03-17,137.54,138.43,135.79,137.96,137.96,15750700,Energy
CVX,2022-03-18,138.34,139.07,136.53,139.07,139.07,23214700,Energy
CVX,2022-03-21,140.18,142.38,139.92,141.57,141.57,13180600,Energy
CVX,2022-03-22,140.75,142.1,139.8,141.1,141.1,11063900,Energy
CVX,2022-03-23,142.74,143.9,141.83,142.62,142.62,10755000,Energy
CVX,2022-03-24,143.11,143.94,141.88,143.0,143.0,9024800,Energy
CVX,2022-03-25,142.07,145.91,142.02,145.58,145.58,10254700,Energy
CVX,2022-03-28,142.65,143.28,141.99,143.04,143.04,9992000,Energy
CVX,2022-03-29,140.6,141.43,138.01,141.29,141.29,15102600,Energy
CVX,2022-03-30,142.08,143.04,140.73,142.29,142.29,9906000,Energy
CVX,2022-03-31,140.56,142.88,139.92,140.01,140.01,10395900,Energy
CVX,2022-04-01,139.97,142.7,139.58,141.21,141.21,8795300,Energy
CVX,2022-04-04,141.88,142.27,140.16,141.34,141.34,8718600,Energy
CVX,2022-04-05,141.9,144.22,140.24,140.47,140.47,9538200,Energy
CVX,2022-04-06,141.73,143.61,141.3,141.71,141.71,9269000,Energy
CVX,2022-04-07,141.96,144.2,140.52,143.68,143.68,8018400,Energy
CVX,2022-04-08,143.64,147.12,143.62,146.12,146.12,10801200,Energy
CVX,2022-04-11,144.95,145.13,141.8,142.36,142.36,10206100,Energy
CVX,2022-04-12,145.29,148.48,144.59,145.33,145.33,9528400,Energy
CVX,2022-04-13,146.98,147.97,144.71,147.61,147.61,7330700,Energy
CVX,2022-04-14,146.77,148.71,146.66,147.54,147.54,9421100,Energy
CVX,2022-04-18,148.76,150.08,147.79,149.52,149.52,7639000,Energy
CVX,2022-04-19,148.83,149.35,147.06,147.75,147.75,6970200,Energy
CVX,2022-04-20,147.57,149.26,147.43,148.35,148.35,7495000,Energy
CVX,2022-04-21,147.67,148.28,140.87,141.52,141.52,14594800,Energy
CVX,2022-04-22,141.35,142.28,138.32,138.4,138.4,12160100,Energy
CVX,2022-04-25,133.91,136.17,130.15,135.42,135.42,15449800,Energy
CVX,2022-04-26,136.56,137.9,134.47,134.6,134.6,9810600,Energy
CVX,2022-04-27,135.07,135.79,132.87,134.35,134.35,10396600,Energy
CVX,2022-04-28,135.39,140.16,133.22,139.12,139.12,9366400,Energy
CVX,2022-04-29,138.68,139.68,134.39,134.72,134.72,14713200,Energy
CVX,2022-05-02,134.41,137.58,133.41,137.36,137.36,11559000,Energy
CVX,2022-05-03,137.21,140.53,136.94,139.72,139.72,8827200,Energy
CVX,2022-05-04,141.85,144.36,140.56,144.11,144.11,9183200,Energy
CVX,2022-05-05,145.54,145.75,139.86,142.96,142.96,9807600,Energy
CVX,2022-05-06,144.69,147.01,142.24,146.77,146.77,10418100,Energy
CVX,2022-05-09,144.24,144.24,136.27,136.93,136.93,14110700,Energy
CVX,2022-05-10,139.48,141.18,135.75,138.25,138.25,11636000,Energy
CVX,2022-05-11,140.66,143.99,139.74,140.3,140.3,9105500,Energy
CVX,2022-05-12,140.35,141.75,136.6,141.63,141.63,8936400,Energy
CVX,2022-05-13,143.17,145.14,141.78,144.35,144.35,9229900,Energy
CVX,2022-05-16,145.32,150.45,145.2,148.77,148.77,13296300,Energy
CVX,2022-05-17,150.34,151.04,148.42,149.64,149.64,12827600,Energy
CVX,2022-05-18,150.95,150.96,143.73,145.7,145.7,13107500,Energy
CVX,2022-05-19,142.72,147.07,141.16,144.66,144.66,10958700,Energy
CVX,2022-05-20,146.41,148.28,142.26,145.49,145.49,9615000,Energy
CVX,2022-05-23,146.89,149.95,146.61,148.87,148.87,10216400,Energy
CVX,2022-05-24,147.98,150.48,147.22,149.67,149.67,9782700,Energy
CVX,2022-05-25,150.1,152.57,149.95,152.07,152.07,10174500,Energy
CVX,2022-05-26,153.01,154.26,151.72,153.09,153.09,11213900,Energy
CVX,2022-05-27,153.03,154.62,152.31,154.56,154.56,10512300,Energy
CVX,2022-05-31,156.01,156.88,150.39,151.42,151.42,20547600,Energy
CVX,2022-06-01,153.21,154.43,151.66,152.86,152.86,8824100,Energy
CVX,2022-06-02,151.49,153.02,150.93,152.58,152.58,7441900,Energy
CVX,2022-06-03,152.58,154.53,152.58,153.97,153.97,8435300,Energy
CVX,2022-06-06,154.23,154.32,152.16,153.3,153.3,6734200,Energy
CVX,2022-06-07,153.86,156.62,153.38,156.22,156.22,9668300,Energy
CVX,2022-06-08,156.87,158.13,156.27,157.03,157.03,8715200,Energy
CVX,2022-06-09,156.08,156.6,153.79,153.9,153.9,9764600,Energy
CVX,2022-06-10,152.9,154.81,150.54,152.06,152.06,9529700,Energy
CVX,2022-06-13,148.78,149.11,142.23,145.07,145.07,14614900,Energy
CVX,2022-06-14,146.83,149.37,143.77,145.26,145.26,10269300,Energy
CVX,2022-06-15,144.59,145.52,140.39,142.4,142.4,11565300,Energy
CVX,2022-06-16,138.66,139.18,133.29,134.79,134.79,18125900,Energy
CVX,2022-06-17,134.27,134.78,126.39,128.64,128.64,35575100,Energy
CVX,2022-06-21,131.82,135.26,131.29,134.02,134.02,13772000,Energy
CVX,2022-06-22,128.37,130.73,126.86,128.19,128.19,13735800,Energy
CVX,2022-06-23,128.99,129.37,121.5,123.48,123.48,15713700,Energy
CVX,2022-06-24,125.88,127.52,123.63,125.51,125.51,11108300,Energy
CVX,2022-06-27,126.45,129.02,126.23,127.93,127.93,9242400,Energy
CVX,2022-06-28,130.8,131.94,128.4,129.99,129.99,9183300,Energy
CVX,2022-06-29,131.45,131.87,126.65,127.42,127.42,9082900,Energy
CVX,2022-06-30,125.32,128.24,124.33,125.52,125.52,10685000,Energy
CVX,2022-07-01,127.09,127.41,123.51,127.02,127.02,7684600,Energy
CVX,2022-07-05,124.54,125.31,120.86,123.68,123.68,11513100,Energy
CVX,2022-07-06,122.81,124.2,118.6,122.05,122.05,12421200,Energy
CVX,2022-07-07,124.93,125.97,124.04,124.42,124.42,12741800,Energy
CVX,2022-07-08,125.6,126.1,122.32,123.77,123.77,7915500,Energy
CVX,2022-07-11,123.03,123.84,121.31,122.68,122.68,7056800,Energy
CVX,2022-07-12,120.07,121.04,119.0,120.44,120.44,8653900,Energy
CVX,2022-07-13,119.3,122.0,118.89,119.63,119.63,9414600,Energy
CVX,2022-07-14,116.44,118.04,114.9,117.85,117.85,10150200,Energy
CVX,2022-07-15,120.47,120.47,118.28,119.33,119.33,7051900,Energy
CVX,2022-07-18,121.86,123.23,120.57,121.01,121.01,7943900,Energy
CVX,2022-07-19,121.1,125.72,120.87,125.37,125.37,9152100,Energy
CVX,2022-07-20,125.27,127.67,124.25,127.02,127.02,7856600,Energy
CVX,2022-07-21,124.08,126.11,122.67,126.05,126.05,6724200,Energy
CVX,2022-07-22,126.19,126.83,124.34,125.0,125.0,5889500,Energy
CVX,2022-07-25,126.31,128.84,125.0,128.72,128.72,6210900,Energy
CVX,2022-07-26,129.61,130.63,127.03,127.72,127.72,6112800,Energy
CVX,2022-07-27,128.6,130.21,127.15,129.4,129.4,6223000,Energy
CVX,2022-07-28,130.64,131.32,128.33,130.38,130.38,6574300,Energy
CVX,2022-07-29,135.71,142.75,135.16,141.99,141.99,17143700,Energy
CVX,2022-08-01,139.73,140.32,137.97,139.15,139.15,8017800,Energy
CVX,2022-08-02,139.48,139.99,137.24,137.97,137.97,5928300,Energy
CVX,2022-08-03,138.11,138.68,133.81,134.69,134.69,8751400,Energy
CVX,2022-08-04,134.65,134.76,130.67,131.03,131.03,10640000,Energy
CVX,2022-08-05,129.73,134.38,129.19,133.2,133.2,7170200,Energy
CVX,2022-08-08,133.15,134.36,132.77,133.0,133.0,5966900,Energy
CVX,2022-08-09,135.19,136.8,134.03,134.73,134.73,5842200,Energy
CVX,2022-08-10,135.24,135.65,132.58,135.09,135.09,6145800,Energy
CVX,2022-08-11,137.07,139.72,136.65,138.38,138.38,7888600,Energy
CVX,2022-08-12,137.19,138.63,136.23,138.58,138.58,7244700,Energy
CVX,2022-08-15,134.53,136.79,133.02,135.95,135.95,8975200,Energy
CVX,2022-08-16,136.47,136.91,135.09,135.6,135.6,7218400,Energy
CVX,2022-08-17,135.79,138.14,134.82,136.72,136.72,6741100,Energy
CVX,2022-08-18,137.48,139.67,137.43,139.11,139.11,6477500,Energy
CVX,2022-08-19,138.62,139.74,137.89,137.95,137.95,6834200,Energy
CVX,2022-08-22,137.08,137.99,135.09,137.26,137.26,9147000,Energy
CVX,2022-08-23,139.18,142.02,138.84,141.71,141.71,10354800,Energy
CVX,2022-08-24,141.42,142.9,140.56,142.76,142.76,9468100,Energy
CVX,2022-08-25,143.4,144.26,142.25,144.01,144.01,8050700,Energy
CVX,2022-08-26,143.63,145.33,142.12,142.95,142.95,7765800,Energy
CVX,2022-08-29,143.37,145.95,143.16,144.02,144.02,8462600,Energy
CVX,2022-08-30,142.0,142.21,138.89,140.51,140.51,8814300,Energy
CVX,2022-08-31,137.88,141.2,136.6,138.27,138.27,13582700,Energy
CVX,2022-09-01,136.89,137.24,134.05,136.07,136.07,8244400,Energy
CVX,2022-09-02,138.43,139.21,137.1,138.09,138.09,7526600,Energy
CVX,2022-09-06,139.87,139.96,136.22,137.45,137.45,8550000,Energy
CVX,2022-09-07,134.77,136.31,133.51,135.69,135.69,9442100,Energy
CVX,2022-09-08,136.11,136.8,134.18,136.43,136.43,9232500,Energy
CVX,2022-09-09,138.58,140.54,137.81,139.94,139.94,8261100,Energy
CVX,2022-09-12,142.43,143.93,141.06,142.16,142.16,8920800,Energy
CVX,2022-09-13,141.2,142.3,138.87,139.45,139.45,10308300,Energy
CVX,2022-09-14,140.79,143.09,140.28,142.83,142.83,11160800,Energy
CVX,2022-09-15,140.57,141.46,139.6,140.51,140.51,9665000,Energy
CVX,2022-09-16,140.43,140.97,136.13,136.87,136.87,43741600,Energy
CVX,2022-09-19,133.79,137.3,133.67,137.26,137.26,6813800,Energy
CVX,2022-09-20,136.51,137.22,135.02,136.72,136.72,8955200,Energy
CVX,2022-09-21,138.49,138.9,135.55,135.61,135.61,6877000,Energy
CVX,2022-09-22,137.87,138.47,135.37,135.5,135.5,6981100,Energy
CVX,2022-09-23,131.0,131.38,125.68,126.65,126.65,13919700,Energy
CVX,2022-09-26,125.6,126.89,123.25,123.31,123.31,9444000,Energy
CVX,2022-09-27,124.48,125.77,122.88,123.37,123.37,10121000,Energy
CVX,2022-09-28,124.29,128.11,123.7,127.53,127.53,8279800,Energy
CVX,2022-09-29,126.42,127.21,124.46,126.65,126.65,8197600,Energy
CVX,2022-09-30,126.0,126.97,124.65,125.69,125.69,9402700,Energy
CVX,2022-10-03,130.32,133.27,129.74,132.74,132.74,9597400,Energy
CVX,2022-10-04,135.1,138.12,134.4,137.9,137.9,9520200,Energy
CVX,2022-10-05,136.33,139.73,135.42,138.69,138.69,10633100,Energy
CVX,2022-10-06,137.64,141.67,137.52,141.21,141.21,9498300,Energy
CVX,2022-10-07,142.17,143.41,139.15,140.0,140.0,9972500,Energy
CVX,2022-10-10,140.85,141.26,136.86,137.47,137.47,5904500,Energy
CVX,2022-10-11,135.38,139.91,134.82,137.5,137.5,7533300,Energy
CVX,2022-10-12,136.59,138.93,136.05,137.91,137.91,4942000,Energy
CVX,2022-10-13,136.78,145.21,136.78,144.59,144.59,10227500,Energy
CVX,2022-10-14,143.51,144.75,139.91,140.09,140.09,7327900,Energy
CVX,2022-10-17,142.85,144.27,140.93,141.12,141.12,5890400,Energy
CVX,2022-10-18,142.04,142.87,139.06,142.35,142.35,5631200,Energy
CVX,2022-10-19,143.11,148.03,143.11,146.97,146.97,9766800,Energy
CVX,2022-10-20,148.11,150.31,146.92,147.81,147.81,8871500,Energy
CVX,2022-10-21,147.98,152.08,147.71,151.51,151.51,7971300,Energy
CVX,2022-10-24,150.54,152.8,150.13,151.46,151.46,7007700,Energy
CVX,2022-10-25,151.4,153.09,150.62,153.03,153.03,7280600,Energy
CVX,2022-10-26,153.37,156.14,153.24,154.92,154.92,6865300,Energy
CVX,2022-10-27,157.37,158.69,155.26,155.63,155.63,9177400,Energy
CVX,2022-10-28,158.75,159.97,154.43,157.45,157.45,10773900,Energy
CVX,2022-10-31,155.77,160.83,155.77,158.25,158.25,13281000,Energy
CVX,2022-11-01,160.85,161.4,159.13,159.41,159.41,9185600,Energy
CVX,2022-11-02,158.28,160.0,155.95,156.16,156.16,8087500,Energy
CVX,2022-11-03,155.69,159.38,155.2,158.46,158.46,6607800,Energy
CVX,2022-11-04,161.7,162.19,157.99,160.46,160.46,7491900,Energy
CVX,2022-11-07,159.65,163.05,159.31,162.38,162.38,7578000,Energy
CVX,2022-11-08,162.12,162.94,160.84,162.14,162.14,6308200,Energy
CVX,2022-11-09,160.63,160.8,155.04,155.66,155.66,8021700,Energy
CVX,2022-11-10,159.42,159.51,155.75,158.6,158.6,6981500,Energy
CVX,2022-11-11,161.01,163.68,160.87,163.12,163.12,8428300,Energy
CVX,2022-11-14,162.99,165.94,162.87,163.2,163.2,9722400,Energy
CVX,2022-11-15,163.7,164.85,162.08,164.51,164.51,7747300,Energy
CVX,2022-11-16,163.19,164.31,160.69,161.83,161.83,7941100,Energy
CVX,2022-11-17,160.02,162.41,158.92,162.29,162.29,6550500,Energy
CVX,2022-11-18,159.53,161.69,158.38,161.32,161.32,7661500,Energy
CVX,2022-11-21,158.45,160.18,155.0,159.78,159.78,8432900,Energy
CVX,2022-11-22,161.99,164.47,161.4,163.88,163.88,9018000,Energy
CVX,2022-11-23,161.52,163.23,160.96,162.42,162.42,5831200,Energy
CVX,2022-11-25,163.0,163.36,161.6,161.95,161.95,2796400,Energy
CVX,2022-11-28,158.93,159.98,156.89,157.24,157.24,9365500,Energy
CVX,2022-11-29,158.91,160.32,158.38,159.59,159.59,6985400,Energy
CVX,2022-11-30,161.2,161.63,158.35,161.6,161.6,10936700,Energy
CVX,2022-12-01,162.44,162.7,159.96,160.88,160.88,5217400,Energy
CVX,2022-12-02,160.03,161.89,158.62,159.59,159.59,6852300,Energy
CVX,2022-12-05,161.04,161.29,153.95,155.65,155.65,8162200,Energy
CVX,2022-12-06,154.73,156.98,150.86,151.64,151.64,8765000,Energy
CVX,2022-12-07,150.8,153.91,150.62,152.09,152.09,6936300,Energy
CVX,2022-12-08,155.38,155.51,151.66,152.99,152.99,8076600,Energy
CVX,2022-12-09,151.9,152.68,148.04,148.11,148.11,10754300,Energy
CVX,2022-12-12,148.93,150.33,147.85,149.65,149.65,9364900,Energy
CVX,2022-12-13,153.02,153.8,152.06,152.98,152.98,7838800,Energy
CVX,2022-12-14,153.83,154.21,150.99,151.92,151.92,7045500,Energy
CVX,2022-12-15,150.4,151.08,148.16,150.79,150.79,7272900,Energy
CVX,2022-12-16,148.57,150.0,147.31,148.74,148.74,23876000,Energy
CVX,2022-12-19,149.97,150.59,148.33,149.76,149.76,7131600,Energy
CVX,2022-12-20,149.7,152.77,149.52,152.22,152.22,6199100,Energy
CVX,2022-12-21,154.45,155.12,152.66,154.01,154.01,5479400,Energy
CVX,2022-12-22,154.42,154.46,148.4,151.7,151.7,5755000,Energy
CVX,2022-12-23,153.48,156.55,153.12,156.39,156.39,6079100,Energy
CVX,2022-12-27,157.24,158.89,156.39,158.36,158.36,5168000,Energy
CVX,2022-12-28,157.68,158.07,155.1,156.02,156.02,4494400,Energy
CVX,2022-12-29,155.73,157.98,155.73,157.2,157.2,4142100,Energy
CVX,2022-12-30,156.95,158.64,156.66,158.24,158.24,5005100,Energy
CVX,2023-01-03,156.96,157.8,151.2,153.39,153.39,7565400,Energy
CVX,2023-01-04,150.71,153.65,150.62,151.76,151.76,7684500,Energy
CVX,2023-01-05,151.19,155.33,150.96,154.49,154.49,6088200,Energy
CVX,2023-01-06,156.06,158.15,154.89,155.65,155.65,7191200,Energy
CVX,2023-01-09,157.15,157.21,153.73,154.44,154.44,8385600,Energy
CVX,2023-01-10,155.51,155.79,153.15,155.19,155.19,8307000,Energy
CVX,2023-01-11,156.83,157.05,153.66,154.45,154.45,6962600,Energy
CVX,2023-01-12,155.15,157.25,155.07,156.11,156.11,6891400,Energy
CVX,2023-01-13,156.12,156.91,154.88,156.53,156.53,5726300,Energy
CVX,2023-01-17,157.31,159.85,157.08,159.12,159.12,10697700,Energy
CVX,2023-01-18,159.41,160.78,155.99,156.24,156.24,8899200,Energy
CVX,2023-01-19,155.7,158.64,155.3,157.8,157.8,5907200,Energy
CVX,2023-01-20,157.64,159.88,156.5,159.48,159.48,10477900,Energy
CVX,2023-01-23,159.75,160.93,158.71,159.27,159.27,8381300,Energy
CVX,2023-01-24,159.65,160.45,157.54,159.42,159.42,5989000,Energy
CVX,2023-01-25,158.06,158.71,155.47,157.87,157.87,6727500,Energy
CVX,2023-01-26,163.08,165.57,161.75,165.55,165.55,14307800,Energy
CVX,2023-01-27,162.41,162.41,156.85,158.2,158.2,19654700,Energy
CVX,2023-01-30,156.92,157.22,153.11,153.57,153.57,11476000,Energy
CVX,2023-01-31,152.29,153.95,151.12,153.41,153.41,14481300,Energy
CVX,2023-02-01,152.79,153.1,149.46,151.07,151.07,11526400,Energy
CVX,2023-02-02,150.87,151.13,147.07,149.0,149.0,10463400,Energy
CVX,2023-02-03,149.75,151.24,148.54,149.38,149.38,8404900,Energy
CVX,2023-02-06,149.48,149.98,147.55,149.55,149.55,7659500,Energy
CVX,2023-02-07,149.93,153.74,149.53,153.48,153.48,10256500,Energy
CVX,2023-02-08,152.06,153.46,149.4,149.87,149.87,9784700,Energy
CVX,2023-02-09,150.07,150.45,148.11,148.49,148.49,10123400,Energy
CVX,2023-02-10,150.57,152.28,150.56,151.61,151.61,11602400,Energy
CVX,2023-02-13,151.03,151.54,149.67,150.76,150.76,9442900,Energy
CVX,2023-02-14,150.29,152.96,149.85,151.91,151.91,8077300,Energy
CVX,2023-02-15,150.66,150.77,148.97,150.31,150.31,8885700,Energy
CVX,2023-02-16,149.58,150.0,147.99,148.14,148.14,6727500,Energy
CVX,2023-02-17,146.51,146.61,143.95,144.84,144.84,9612100,Energy
CVX,2023-02-21,144.24,145.64,142.92,143.19,143.19,7259700,Energy
CVX,2023-02-22,142.55,143.78,141.33,142.61,142.61,6205900,Energy
CVX,2023-02-23,144.3,144.83,142.8,144.02,144.02,6445500,Energy
CVX,2023-02-24,142.99,144.61,141.54,144.44,144.44,5330200,Energy
CVX,2023-02-27,144.98,145.3,144.01,144.81,144.81,6386800,Energy
CVX,2023-02-28,146.14,146.14,142.55,142.99,142.99,10854200,Energy
CVX,2023-03-01,143.12,145.49,142.83,144.12,144.12,7470400,Energy
CVX,2023-03-02,144.06,145.4,143.71,144.58,144.58,5582000,Energy
CVX,2023-03-03,143.07,147.26,142.67,146.71,146.71,6007500,Energy
CVX,2023-03-06,146.16,148.35,145.69,147.79,147.79,7703600,Energy
CVX,2023-03-07,147.37,148.17,145.48,145.88,145.88,7393000,Energy
CVX,2023-03-08,145.17,147.01,143.53,144.96,144.96,5435800,Energy
CVX,2023-03-09,145.67,147.18,142.47,142.75,142.75,6214700,Energy
CVX,2023-03-10,143.14,146.45,141.12,142.01,142.01,7385800,Energy
CVX,2023-03-13,139.13,143.15,136.79,141.15,141.15,10106100,Energy
CVX,2023-03-14,140.75,145.88,140.42,142.98,142.98,10035200,Energy
CVX,2023-03-15,138.38,140.48,135.19,136.79,136.79,14063100,Energy
CVX,2023-03-16,133.55,138.27,133.33,137.22,137.22,12849600,Energy
CVX,2023-03-17,136.63,138.19,133.94,135.49,135.49,33161800,Energy
CVX,2023-03-20,134.95,138.55,134.55,137.48,137.48,8469200,Energy
CVX,2023-03-21,139.77,141.92,139.16,141.69,141.69,9753500,Energy
CVX,2023-03-22,142.19,142.35,138.68,138.81,138.81,6315000,Energy
CVX,2023-03-23,139.65,141.2,136.2,137.43,137.43,7859400,Energy
CVX,2023-03-24,135.27,139.32,135.03,138.8,138.8,6600100,Energy
CVX,2023-03-27,139.99,140.95,138.47,140.21,140.21,7006800,Energy
CVX,2023-03-28,139.88,142.47,139.35,141.85,141.85,5605400,Energy
CVX,2023-03-29,142.85,143.47,141.7,143.07,143.07,7569700,Energy
CVX,2023-03-30,144.3,144.98,143.71,144.43,144.43,6322400,Energy
CVX,2023-03-31,144.7,145.61,144.21,145.11,145.11,7041400,Energy
CVX,2023-04-03,151.02,152.17,150.23,151.15,151.15,12868200,Energy
CVX,2023-04-04,152.21,152.21,149.17,150.34,150.34,7521400,Energy
CVX,2023-04-05,150.54,151.59,149.18,151.09,151.09,6478100,Energy
CVX,2023-04-06,150.62,150.67,148.64,149.1,149.1,5803200,Energy
CVX,2023-04-10,149.85,150.91,148.8,149.67,149.67,5923500,Energy
CVX,2023-04-11,150.37,151.5,149.48,150.5,150.5,5469600,Energy
CVX,2023-04-12,151.59,152.19,150.72,151.03,151.03,6157900,Energy
CVX,2023-04-13,151.42,153.39,151.03,153.05,153.05,6856600,Energy
CVX,2023-04-14,153.42,153.76,152.28,153.36,153.36,4930700,Energy
CVX,2023-04-17,153.32,153.45,151.39,152.01,152.01,7006000,Energy
CVX,2023-04-18,151.92,153.32,151.31,151.66,151.66,8045600,Energy
CVX,2023-04-19,150.71,151.85,150.39,151.8,151.8,5506800,Energy
CVX,2023-04-20,150.09,151.25,149.43,151.06,151.06,5851100,Energy
CVX,2023-04-21,151.04,151.72,150.16,150.41,150.41,7179000,Energy
CVX,2023-04-24,150.39,153.31,149.93,152.51,152.51,7177600,Energy
CVX,2023-04-25,151.48,151.55,149.8,150.3,150.3,5807200,Energy
CVX,2023-04-26,149.6,150.26,146.95,147.62,147.62,5927400,Energy
CVX,2023-04-27,148.02,148.87,146.81,148.48,148.48,6417200,Energy
CVX,2023-04-28,146.3,150.25,145.9,149.93,149.93,10036300,Energy
CVX,2023-05-01,149.16,150.07,147.96,148.74,148.74,6099800,Energy
CVX,2023-05-02,147.03,147.09,140.92,142.34,142.34,10701700,Energy
CVX,2023-05-03,140.66,141.92,139.4,139.48,139.48,7538100,Energy
CVX,2023-05-04,139.73,140.7,138.23,138.94,138.94,7500400,Energy
CVX,2023-05-05,141.68,143.3,141.22,142.49,142.49,5802000,Energy
CVX,2023-05-08,143.7,144.35,141.87,141.93,141.93,5028200,Energy
CVX,2023-05-09,140.62,142.67,140.44,141.52,141.52,5019800,Energy
CVX,2023-05-10,142.69,142.69,138.64,139.71,139.71,6161200,Energy
CVX,2023-05-11,138.19,139.03,136.87,138.94,138.94,6666100,Energy
CVX,2023-05-12,139.63,140.46,138.35,139.29,139.29,4898900,Energy
CVX,2023-05-15,139.84,140.66,138.95,139.81,139.81,5096700,Energy
CVX,2023-05-16,139.17,139.65,136.37,136.53,136.53,7007700,Energy
CVX,2023-05-17,137.67,139.12,136.93,138.49,138.49,6169600,Energy
CVX,2023-05-18,137.29,138.52,136.09,138.31,138.31,7477700,Energy
CVX,2023-05-19,139.11,140.5,138.3,139.41,139.41,8100900,Energy
CVX,2023-05-22,138.12,139.05,136.59,136.9,136.9,11661000,Energy
CVX,2023-05-23,138.43,141.61,138.16,140.87,140.87,10436200,Energy
CVX,2023-05-24,141.85,142.41,140.36,141.24,141.24,7064000,Energy
CVX,2023-05-25,138.92,139.77,137.86,138.81,138.81,7037700,Energy
CVX,2023-05-26,139.46,139.77,137.82,138.38,138.38,7736200,Energy
CVX,2023-05-30,136.21,137.64,135.8,137.52,137.52,7814800,Energy
CVX,2023-05-31,136.1,136.89,135.04,135.27,135.27,13346400,Energy
CVX,2023-06-01,135.88,138.07,134.48,136.65,136.65,9887700,Energy
CVX,2023-06-02,138.83,140.78,137.96,140.34,140.34,9464300,Energy
CVX,2023-06-05,142.3,142.3,139.42,139.66,139.66,6443800,Energy
CVX,2023-06-06,137.7,140.25,137.59,139.91,139.91,6176400,Energy
CVX,2023-06-07,140.6,143.88,140.55,143.54,143.54,9900000,Energy
CVX,2023-06-08,143.84,144.13,141.08,143.01,143.01,7142200,Energy
CVX,2023-06-09,143.05,144.04,142.45,142.67,142.67,6669500,Energy
CVX,2023-06-12,141.05,143.09,140.31,141.3,141.3,7159600,Energy
CVX,2023-06-13,142.37,144.22,142.14,142.36,142.36,7660800,Energy
CVX,2023-06-14,143.68,144.39,140.24,141.08,141.08,7721100,Energy
CVX,2023-06-15,141.29,143.51,141.29,142.15,142.15,7705400,Energy
CVX,2023-06-16,142.41,143.01,141.23,141.23,141.23,22908100,Energy
CVX,2023-06-20,140.24,140.61,136.73,138.02,138.02,10438700,Energy
CVX,2023-06-21,137.11,140.07,136.96,139.1,139.1,7328200,Energy
CVX,2023-06-22,137.72,137.94,136.48,137.08,137.08,7088600,Energy
CVX,2023-06-23,135.62,136.24,134.83,135.93,135.93,15172700,Energy
CVX,2023-06-26,136.17,139.18,136.1,138.31,138.31,7371800,Energy
CVX,2023-06-27,137.86,138.94,137.25,137.88,137.88,6581700,Energy
CVX,2023-06-28,137.8,139.22,136.68,139.13,139.13,5773800,Energy
CVX,2023-06-29,139.59,140.34,138.7,140.32,140.32,5633500,Energy
CVX,2023-06-30,141.41,141.83,140.64,141.31,141.31,6346600,Energy
CVX,2023-07-03,141.16,141.99,140.73,141.19,141.19,3272600,Energy
CVX,2023-07-05,141.63,141.63,139.31,140.38,140.38,6318700,Energy
CVX,2023-07-06,139.38,139.95,136.18,137.3,137.3,9203000,Energy
CVX,2023-07-07,136.64,140.09,136.47,138.5,138.5,6602200,Energy
CVX,2023-07-10,138.24,139.91,138.23,139.43,139.43,5167900,Energy
CVX,2023-07-11,140.1,142.27,139.8,142.01,142.01,5060500,Energy
CVX,2023-07-12,142.99,144.0,142.19,143.37,143.37,6464000,Energy
CVX,2023-07-13,143.55,144.23,140.61,141.46,141.46,8143900,Energy
CVX,2023-07-14,141.01,141.02,137.68,137.93,137.93,7065700,Energy
CVX,2023-07-17,137.72,138.43,137.08,137.8,137.8,4351700,Energy
CVX,2023-07-18,137.11,140.16,136.84,138.08,138.08,6798300,Energy
CVX,2023-07-19,138.15,139.9,137.66,138.93,138.93,5653100,Energy
CVX,2023-07-20,140.25,141.17,139.84,140.46,140.46,5866600,Energy
CVX,2023-07-21,141.48,142.64,141.05,142.52,142.52,8760100,Energy
CVX,2023-07-24,144.12,147.32,143.7,145.33,145.33,9722100,Energy
CVX,2023-07-25,145.41,146.85,144.29,145.99,145.99,6767600,Energy
CVX,2023-07-26,144.48,145.57,144.19,144.9,144.9,6056400,Energy
CVX,2023-07-27,145.57,145.91,142.99,143.39,143.39,6470100,Energy
CVX,2023-07-28,142.27,142.8,140.56,142.68,142.68,6542300,Energy
CVX,2023-07-31,144.71,147.27,144.25,146.98,146.98,13056300,Energy
CVX,2023-08-01,146.96,146.96,144.19,145.76,145.76,7531400,Energy
CVX,2023-08-02,144.75,144.79,141.95,143.45,143.45,7067100,Energy
CVX,2023-08-03,143.61,145.22,142.66,143.4,143.4,6680700,Energy
CVX,2023-08-04,144.29,146.41,142.83,143.07,143.07,10185400,Energy
CVX,2023-08-07,144.6,144.93,142.87,143.6,143.6,13927400,Energy
CVX,2023-08-08,141.84,143.51,140.3,143.38,143.38,6451300,Energy
CVX,2023-08-09,144.47,144.99,143.07,143.57,143.57,10531500,Energy
CVX,2023-08-10,143.99,145.92,143.35,144.44,144.44,8647100,Energy
CVX,2023-08-11,144.14,147.44,143.86,147.42,147.42,6682600,Energy
CVX,2023-08-14,147.08,147.51,146.04,147.31,147.31,6060100,Energy
CVX,2023-08-15,146.75,146.76,142.89,143.01,143.01,7876500,Energy
CVX,2023-08-16,144.16,145.34,142.32,142.46,142.46,7920500,Energy
CVX,2023-08-17,144.33,147.02,144.14,144.85,144.85,8270500,Energy
CVX,2023-08-18,143.61,146.27,143.41,145.89,145.89,5999200,Energy
CVX,2023-08-21,146.16,146.95,144.58,145.4,145.4,6802300,Energy
CVX,2023-08-22,145.52,146.21,144.14,144.2,144.2,6080800,Energy
CVX,2023-08-23,143.39,144.54,142.08,144.4,144.4,4975600,Energy
CVX,2023-08-24,143.02,144.98,142.86,143.21,143.21,5989600,Energy
CVX,2023-08-25,144.23,144.99,142.94,144.28,144.28,5291800,Energy
CVX,2023-08-28,144.65,146.71,144.37,145.27,145.27,4386100,Energy
CVX,2023-08-29,145.9,145.94,144.26,145.04,145.04,5374800,Energy
CVX,2023-08-30,145.61,146.21,145.01,145.24,145.24,5534900,Energy
CVX,2023-08-31,145.99,146.2,145.01,146.07,146.07,7003700,Energy
CVX,2023-09-01,147.47,149.33,147.47,148.97,148.97,6663000,Energy
CVX,2023-09-05,149.86,151.93,149.79,150.93,150.93,9755800,Energy
CVX,2023-09-06,150.77,151.82,150.13,151.09,151.09,7195500,Energy
CVX,2023-09-07,151.55,152.24,150.77,151.1,151.1,7925900,Energy
CVX,2023-09-08,151.8,152.77,151.16,151.61,151.61,7434400,Energy
CVX,2023-09-11,152.4,152.86,147.68,148.48,148.48,7155100,Energy
CVX,2023-09-12,149.88,151.59,149.7,151.25,151.25,7521100,Energy
CVX,2023-09-13,151.79,152.1,150.13,150.7,150.7,5759500,Energy
CVX,2023-09-14,152.06,152.78,151.53,151.63,151.63,8822800,Energy
CVX,2023-09-15,150.71,152.66,150.41,150.97,150.97,17439700,Energy
CVX,2023-09-18,152.21,152.66,150.88,151.62,151.62,7027600,Energy
CVX,2023-09-19,152.95,153.2,150.91,151.6,151.6,6615100,Energy
CVX,2023-09-20,151.49,152.79,151.06,151.14,151.14,5939100,Energy
CVX,2023-09-21,151.53,152.21,149.65,149.78,149.78,7150000,Energy
CVX,2023-09-22,150.72,151.8,150.46,150.77,150.77,5963000,Energy
CVX,2023-09-25,150.81,153.04,150.51,152.97,152.97,5510000,Energy
CVX,2023-09-26,151.82,152.7,151.4,152.15,152.15,5659200,Energy
CVX,2023-09-27,153.57,155.26,153.06,155.09,155.09,9124400,Energy
CVX,2023-09-28,154.64,155.68,153.63,154.68,154.68,7151800,Energy
CVX,2023-09-29,154.59,154.6,152.17,152.89,152.89,7396100,Energy
CVX,2023-10-02,152.64,152.85,149.82,151.01,151.01,6839600,Energy
CVX,2023-10-03,150.44,151.75,150.07,151.36,151.36,6168600,Energy
CVX,2023-10-04,149.34,149.59,146.43,147.83,147.83,9664700,Energy
CVX,2023-10-05,146.36,149.38,146.34,148.61,148.61,8073000,Energy
CVX,2023-10-06,148.98,149.04,144.16,147.1,147.1,10190400,Energy
CVX,2023-10-09,150.86,152.5,149.56,151.17,151.17,8183500,Energy
CVX,2023-10-10,151.21,151.78,150.23,151.01,151.01,6512900,Energy
CVX,2023-10-11,149.67,149.68,145.51,146.07,146.07,12570700,Energy
CVX,2023-10-12,148.03,148.03,145.89,146.19,146.19,7397000,Energy
CVX,2023-10-13,148.17,149.46,147.16,148.76,148.76,8042800,Energy
CVX,2023-10-16,149.92,150.34,148.57,149.97,149.97,5446000,Energy
CVX,2023-10-17,149.45,152.51,149.29,151.96,151.96,7538300,Energy
CVX,2023-10-18,152.76,153.87,151.95,153.16,153.16,6893500,Energy
CVX,2023-10-19,152.96,154.3,151.88,153.33,153.33,6580200,Energy
CVX,2023-10-20,152.7,153.33,150.61,151.27,151.27,7458300,Energy
CVX,2023-10-23,148.07,149.09,145.3,145.69,145.69,16232400,Energy
CVX,2023-10-24,145.88,146.05,141.87,142.04,142.04,17689900,Energy
CVX,2023-10-25,142.3,142.73,140.7,141.33,141.33,10502400,Energy
CVX,2023-10-26,140.55,140.7,139.3,140.31,140.31,10830400,Energy
CVX,2023-10-27,136.66,137.14,130.53,130.89,130.89,24524300,Energy
CVX,2023-10-30,132.07,132.78,130.86,132.46,132.46,13857100,Energy
CVX,2023-10-31,132.47,132.85,130.78,132.14,132.14,14261300,Energy
CVX,2023-11-01,132.36,132.39,130.4,130.55,130.55,10819600,Energy
CVX,2023-11-02,131.06,135.1,130.41,134.88,134.88,11099100,Energy
CVX,2023-11-03,134.47,134.7,132.52,133.84,133.84,13160000,Energy
CVX,2023-11-06,134.86,135.4,133.01,133.29,133.29,10634200,Energy
CVX,2023-11-07,131.62,132.03,129.88,130.94,130.94,15054600,Energy
CVX,2023-11-08,130.46,131.16,128.98,129.12,129.12,12654100,Energy
CVX,2023-11-09,129.71,130.49,128.55,128.7,128.7,10359500,Energy
CVX,2023-11-10,129.92,130.06,128.51,129.62,129.62,11988200,Energy
CVX,2023-11-13,129.8,130.84,129.52,130.57,130.57,8747700,Energy
CVX,2023-11-14,131.0,131.93,130.44,131.52,131.52,11224400,Energy
CVX,2023-11-15,131.35,132.96,130.94,131.98,131.98,10052100,Energy
CVX,2023-11-16,131.04,131.49,128.95,129.89,129.89,14031300,Energy
CVX,2023-11-17,130.97,133.03,130.47,132.36,132.36,11075600,Energy
CVX,2023-11-20,132.51,133.48,132.18,132.28,132.28,8062400,Energy
CVX,2023-11-21,131.78,132.21,130.75,131.97,131.97,6783300,Energy
CVX,2023-11-22,129.87,132.29,128.93,132.24,132.24,7216100,Energy
CVX,2023-11-24,132.21,133.71,132.12,132.76,132.76,3861000,Energy
CVX,2023-11-27,132.53,132.69,130.88,132.27,132.27,9850800,Energy
CVX,2023-11-28,132.65,134.25,131.99,133.32,133.32,9746500,Energy
CVX,2023-11-29,134.13,134.22,131.08,131.85,131.85,16417100,Energy
CVX,2023-11-30,132.83,133.78,130.13,131.57,131.57,16276000,Energy
CVX,2023-12-01,131.47,134.24,130.65,132.68,132.68,11906500,Energy
CVX,2023-12-04,131.94,133.49,131.25,132.73,132.73,11842800,Energy
CVX,2023-12-05,132.63,132.92,130.68,130.89,130.89,9597600,Energy
CVX,2023-12-06,130.01,131.96,129.51,130.59,130.59,18079700,Energy
CVX,2023-12-07,131.49,131.95,129.18,130.49,130.49,14786700,Energy
CVX,2023-12-08,131.49,132.55,131.13,132.22,132.22,10821700,Energy
CVX,2023-12-11,132.71,133.22,131.77,132.26,132.26,9849600,Energy
CVX,2023-12-12,131.18,131.56,129.87,130.56,130.56,9863900,Energy
CVX,2023-12-13,130.26,132.56,129.78,132.5,132.5,10641300,Energy
CVX,2023-12-14,133.63,137.37,133.63,137.37,137.37,14960500,Energy
CVX,2023-12-15,134.98,137.27,134.98,136.84,136.84,30850900,Energy
CVX,2023-12-18,138.19,139.38,136.81,137.14,137.14,11561700,Energy
CVX,2023-12-19,137.4,139.11,136.97,138.94,138.94,8738100,Energy
CVX,2023-12-20,139.4,140.24,137.49,137.66,137.66,9370000,Energy
CVX,2023-12-21,138.15,138.17,136.72,138.08,138.08,7264700,Energy
CVX,2023-12-22,139.03,139.62,138.12,138.4,138.4,6396100,Energy
CVX,2023-12-26,139.33,140.19,139.17,139.64,139.64,5165600,Energy
CVX,2023-12-27,139.51,140.15,138.66,139.18,139.18,5337200,Energy
CVX,2023-12-28,138.51,139.28,136.88,137.22,137.22,8148000,Energy
CVX,2023-12-29,137.46,137.64,136.22,136.66,136.66,7658600,Energy
CVX,2024-01-02,137.42,138.79,136.74,136.96,136.96,8879700,Energy
CVX,2024-01-03,136.87,140.36,136.22,139.57,139.57,10255300,Energy
CVX,2024-01-04,140.79,141.42,137.97,138.04,138.04,8220300,Energy
CVX,2024-01-05,139.25,139.29,137.28,137.8,137.8,7455400,Energy
CVX,2024-01-08,135.99,137.16,134.3,136.98,136.98,10038200,Energy
CVX,2024-01-09,137.39,137.39,133.39,133.49,133.49,11784700,Energy
CVX,2024-01-10,133.79,133.79,132.04,132.39,132.39,8490400,Energy
CVX,2024-01-11,133.37,133.92,132.5,133.11,133.11,8612500,Energy
CVX,2024-01-12,135.45,136.06,133.92,134.93,134.93,9386900,Energy
CVX,2024-01-16,134.24,134.3,131.55,131.65,131.65,9380400,Energy
CVX,2024-01-17,130.49,131.95,130.14,131.13,131.13,8167000,Energy
CVX,2024-01-18,131.02,131.19,127.92,129.94,129.94,11187800,Energy
CVX,2024-01-19,129.86,130.33,129.2,130.32,130.32,11192500,Energy
CVX,2024-01-22,130.02,130.71,129.11,130.55,130.55,9184600,Energy
CVX,2024-01-23,130.09,131.32,130.01,130.19,130.19,6767200,Energy
CVX,2024-01-24,130.75,132.83,130.31,132.78,132.78,8100000,Energy
CVX,2024-01-25,133.97,136.23,133.06,136.12,136.12,9773600,Energy
CVX,2024-01-26,135.63,136.76,134.67,136.65,136.65,9151900,Energy
CVX,2024-01-29,136.6,136.72,134.79,136.59,136.59,10494800,Energy
CVX,2024-01-30,135.77,137.72,135.34,137.54,137.54,9902900,Energy
CVX,2024-01-31,137.77,137.78,135.0,135.08,135.08,10428000,Energy
CVX,2024-02-01,135.78,136.54,134.25,135.5,135.5,8641100,Energy
CVX,2024-02-02,138.22,140.53,137.02,139.49,139.49,12839100,Energy
CVX,2024-02-05,138.92,140.65,138.16,139.57,139.57,8277800,Energy
CVX,2024-02-06,139.72,140.68,139.09,139.59,139.59,6198200,Energy
CVX,2024-02-07,140.2,140.9,138.51,139.39,139.39,6252000,Energy
CVX,2024-02-08,139.22,141.37,138.95,141.15,141.15,9237000,Energy
CVX,2024-02-09,141.48,142.31,138.33,138.39,138.39,9194500,Energy
CVX,2024-02-12,138.92,139.83,138.71,139.34,139.34,6713000,Energy
CVX,2024-02-13,139.83,140.25,137.07,137.98,137.98,6987100,Energy
CVX,2024-02-14,138.61,139.45,137.51,138.36,138.36,5995100,Energy
CVX,2024-02-15,138.85,143.65,138.63,143.06,143.06,8950300,Energy
CVX,2024-02-16,143.91,144.28,142.72,143.22,143.22,7570200,Energy
CVX,2024-02-20,144.0,144.13,142.48,142.64,142.64,6977900,Energy
CVX,2024-02-21,143.17,144.09,142.73,143.97,143.97,6628900,Energy
CVX,2024-02-22,143.4,145.07,142.48,143.96,143.96,8874900,Energy
CVX,2024-02-23,143.44,143.49,141.94,143.25,143.25,6561600,Energy
CVX,2024-02-26,143.14,144.07,142.48,143.06,143.06,6900800,Energy
CVX,2024-02-27,141.9,142.53,138.84,140.93,140.93,15093800,Energy
CVX,2024-02-28,141.12,142.51,140.58,141.1,141.1,6715900,Energy
CVX,2024-02-29,141.63,141.93,140.3,140.8,140.8,9334400,Energy
CVX,2024-03-01,141.76,142.96,141.02,141.54,141.54,7459100,Energy
CVX,2024-03-04,141.25,141.33,136.78,137.9,137.9,12503200,Energy
CVX,2024-03-05,137.85,139.51,137.36,138.55,138.55,6985500,Energy
CVX,2024-03-06,139.7,141.17,137.21,137.39,137.39,14692100,Energy
CVX,2024-03-07,137.54,139.63,137.5,138.35,138.35,8739300,Energy
CVX,2024-03-08,138.35,138.92,137.44,138.82,138.82,7528400,Energy
CVX,2024-03-11,139.4,140.86,138.55,140.79,140.79,7577100,Energy
CVX,2024-03-12,140.63,141.31,139.67,140.68,140.68,6432900,Energy
CVX,2024-03-13,141.93,143.45,141.85,142.54,142.54,8065600,Energy
CVX,2024-03-14,142.43,144.24,141.49,144.21,144.21,9047200,Energy
CVX,2024-03-15,143.74,145.45,143.03,144.07,144.07,20387200,Energy
CVX,2024-03-18,144.52,145.11,143.51,143.94,143.94,7242700,Energy
CVX,2024-03-19,143.84,145.27,143.57,145.06,145.06,7736700,Energy
CVX,2024-03-20,144.27,144.89,142.85,143.15,143.15,8449100,Energy
CVX,2024-03-21,143.52,144.2,143.02,143.43,143.43,7899100,Energy
CVX,2024-03-22,143.64,143.82,142.79,143.25,143.25,5974700,Energy
CVX,2024-03-25,144.01,145.7,143.81,144.93,144.93,6058700,Energy
CVX,2024-03-26,144.97,145.29,143.24,143.81,143.81,6677900,Energy
CVX,2024-03-27,143.44,144.9,143.43,144.81,144.81,7416900,Energy
CVX,2024-03-28,145.56,146.52,144.83,146.1,146.1,8331600,Energy
CVX,2024-04-01,146.59,147.82,145.36,147.34,147.34,6285700,Energy
CVX,2024-04-02,148.24,149.33,147.29,147.99,147.99,8815400,Energy
CVX,2024-04-03,148.29,149.08,147.94,148.6,148.6,7819700,Energy
CVX,2024-04-04,148.94,150.0,148.03,148.83,148.83,9269700,Energy
CVX,2024-04-05,149.43,150.21,148.07,149.68,149.68,7432800,Energy
CVX,2024-04-08,149.72,150.51,148.5,149.37,149.37,7253200,Energy
CVX,2024-04-09,149.91,150.54,148.62,150.05,150.05,6576200,Energy
CVX,2024-04-10,150.24,150.76,149.13,150.67,150.67,7525800,Energy
CVX,2024-04-11,151.55,151.55,148.01,149.95,149.95,7682500,Energy
CVX,2024-04-12,150.32,151.78,146.38,147.23,147.23,11071000,Energy
CVX,2024-04-15,148.14,148.65,145.75,145.96,145.96,7236900,Energy
CVX,2024-04-16,145.69,146.17,143.95,144.75,144.75,5541900,Energy
CVX,2024-04-17,144.48,146.07,144.16,144.86,144.86,6733900,Energy
CVX,2024-04-18,145.55,146.38,144.85,145.94,145.94,4979200,Energy
CVX,2024-04-19,147.04,148.89,146.48,148.2,148.2,7734700,Energy
CVX,2024-04-22,148.15,150.7,146.75,149.97,149.97,6779200,Energy
CVX,2024-04-23,149.41,150.84,148.75,150.84,150.84,5597600,Energy
CVX,2024-04-24,149.94,151.75,149.54,151.5,151.5,7610300,Energy
CVX,2024-04-25,151.62,153.38,150.67,153.09,153.09,9702600,Energy
CVX,2024-04-26,153.04,154.66,151.25,153.65,153.65,9736400,Energy
CVX,2024-04-29,153.67,154.78,152.54,154.06,154.06,6364000,Energy
CVX,2024-04-30,153.73,153.86,149.08,149.37,149.37,8457300,Energy
CVX,2024-05-01,148.92,149.54,147.18,147.85,147.85,7713700,Energy
CVX,2024-05-02,148.58,149.84,148.09,148.87,148.87,8597100,Energy
CVX,2024-05-03,148.81,148.81,145.45,148.43,148.43,11664500,Energy
CVX,2024-05-06,148.87,151.92,148.87,150.33,150.33,8430300,Energy
CVX,2024-05-07,150.34,151.11,150.07,150.67,150.67,6869900,Energy
CVX,2024-05-08,150.0,151.05,149.62,150.55,150.55,6706400,Energy
CVX,2024-05-09,150.99,153.3,150.72,153.24,153.24,6683300,Energy
CVX,2024-05-10,153.79,154.14,152.85,153.59,153.59,5490900,Energy
CVX,2024-05-13,154.2,154.6,150.96,152.39,152.39,6848300,Energy
CVX,2024-05-14,152.22,153.01,150.99,151.54,151.54,4924000,Energy
CVX,2024-05-15,151.09,151.72,148.35,151.02,151.02,7603100,Energy
CVX,2024-05-16,151.12,151.56,150.14,150.71,150.71,6409400,Energy
CVX,2024-05-17,151.33,152.47,150.81,152.19,152.19,5497900,Energy
CVX,2024-05-20,152.24,152.5,150.69,150.76,150.76,4913800,Energy
CVX,2024-05-21,150.23,151.06,149.45,149.66,149.66,4783300,Energy
CVX,2024-05-22,149.24,149.24,146.44,147.42,147.42,6260500,Energy
CVX,2024-05-23,147.75,148.38,146.26,146.83,146.83,6718400,Energy
CVX,2024-05-24,147.9,148.73,147.17,147.59,147.59,4477700,Energy
CVX,2024-05-28,147.93,149.15,147.77,148.79,148.79,6928300,Energy
CVX,2024-05-29,147.84,148.28,146.36,146.79,146.79,5909600,Energy
CVX,2024-05-30,146.75,148.25,146.71,148.06,148.06,6369600,Energy
CVX,2024-05-31,148.41,152.11,148.3,151.84,151.84,10334200,Energy
CVX,2024-06-03,151.09,151.26,146.38,147.32,147.32,9009900,Energy
CVX,2024-06-04,145.69,146.28,144.18,146.07,146.07,6360500,Energy
CVX,2024-06-05,146.1,146.9,144.57,145.0,145.0,7058500,Energy
CVX,2024-06-06,144.55,145.97,143.51,145.88,145.88,5215100,Energy
CVX,2024-06-07,145.68,147.53,145.14,146.02,146.02,5887700,Energy
CVX,2024-06-10,146.33,148.01,146.25,146.64,146.64,7074700,Energy
CVX,2024-06-11,146.11,146.65,144.53,146.41,146.41,5132000,Energy
CVX,2024-06-12,147.34,147.47,142.58,144.28,144.28,10017400,Energy
CVX,2024-06-13,143.86,144.16,142.42,142.99,142.99,6163000,Energy
CVX,2024-06-14,143.26,143.41,142.18,142.74,142.74,6159100,Energy
CVX,2024-06-17,142.68,144.01,142.14,143.32,143.32,6321400,Energy
CVX,2024-06-18,143.66,145.9,142.99,143.45,143.45,6942900,Energy
CVX,2024-06-20,143.81,147.27,143.38,146.55,146.55,8336000,Energy
CVX,2024-06-21,146.7,147.51,145.22,145.28,145.28,21289800,Energy
CVX,2024-06-24,146.2,149.26,146.13,149.05,149.05,7971600,Energy
CVX,2024-06-25,148.87,149.09,147.51,148.25,148.25,5985400,Energy
CVX,2024-06-26,148.25,148.25,145.75,145.9,145.9,8637800,Energy
CVX,2024-06-27,146.6,146.83,145.61,146.25,146.25,5568700,Energy
CVX,2024-06-28,147.37,148.36,146.11,146.34,146.34,11283400,Energy
CVX,2024-07-01,147.04,148.48,145.93,146.44,146.44,5584100,Energy
CVX,2024-07-02,147.52,147.56,145.44,146.65,146.65,7216800,Energy
CVX,2024-07-03,146.83,147.58,146.47,146.61,146.61,3264200,Energy
CVX,2024-07-05,146.46,146.46,143.78,144.37,144.37,6183100,Energy
CVX,2024-07-08,143.44,145.28,143.44,144.39,144.39,4990700,Energy
CVX,2024-07-09,143.14,144.79,142.53,143.12,143.12,5301600,Energy
CVX,2024-07-10,142.68,145.43,142.49,145.14,145.14,5416600,Energy
CVX,2024-07-11,145.01,146.59,144.28,145.26,145.26,8322500,Energy
CVX,2024-07-12,146.1,146.36,144.6,145.57,145.57,6446300,Energy
CVX,2024-07-15,146.84,149.24,146.3,147.86,147.86,5661200,Energy
CVX,2024-07-16,146.89,148.11,146.09,147.61,147.61,6924200,Energy
CVX,2024-07-17,148.29,151.08,148.09,150.84,150.84,7296600,Energy
CVX,2024-07-18,150.84,153.7,149.92,151.54,151.54,6577700,Energy
CVX,2024-07-19,152.01,152.22,148.2,148.9,148.9,6427700,Energy
CVX,2024-07-22,148.03,148.74,146.75,146.88,146.88,5577300,Energy
CVX,2024-07-23,146.28,146.51,143.93,144.16,144.16,6238700,Energy
CVX,2024-07-24,144.72,145.67,143.54,145.08,145.08,5971700,Energy
CVX,2024-07-25,145.36,148.06,144.66,147.39,147.39,5432100,Energy
CVX,2024-07-26,147.57,148.79,146.94,147.67,147.67,5232500,Energy
CVX,2024-07-29,148.05,148.05,144.88,146.51,146.51,5072000,Energy
CVX,2024-07-30,146.38,149.78,146.36,149.29,149.29,5740900,Energy
CVX,2024-07-31,151.27,151.27,149.74,150.13,150.13,6209200,Energy
CVX,2024-08-01,148.49,149.22,142.24,142.79,142.79,16689900,Energy
CVX,2024-08-02,141.39,142.24,137.55,138.98,138.98,13278600,Energy
CVX,2024-08-05,136.14,136.38,134.17,135.34,135.34,13037200,Energy
CVX,2024-08-06,135.18,135.74,133.9,134.0,134.0,9692700,Energy
CVX,2024-08-07,135.27,136.34,133.11,133.24,133.24,8867900,Energy
CVX,2024-08-08,133.85,135.49,133.52,135.18,135.18,7531100,Energy
CVX,2024-08-09,134.92,136.7,133.97,135.65,135.65,7653100,Energy
CVX,2024-08-12,136.44,137.29,130.69,135.68,135.68,8442200,Energy
CVX,2024-08-13,134.8,135.24,133.83,134.86,134.86,7794800,Energy
CVX,2024-08-14,135.09,135.88,134.19,135.35,135.35,5874200,Energy
CVX,2024-08-15,136.21,138.02,136.11,137.34,137.34,6304200,Energy
CVX,2024-08-16,136.64,138.11,136.26,137.78,137.78,6874400,Energy
CVX,2024-08-19,138.13,139.76,138.02,138.91,138.91,5967400,Energy
CVX,2024-08-20,138.43,138.61,136.76,136.88,136.88,7497600,Energy
CVX,2024-08-21,137.58,138.73,136.75,137.48,137.48,5985000,Energy
CVX,2024-08-22,137.51,138.43,137.3,137.87,137.87,4027000,Energy
CVX,2024-08-23,138.62,140.1,138.43,139.66,139.66,4824100,Energy
CVX,2024-08-26,140.93,141.99,139.59,140.49,140.49,5780300,Energy
CVX,2024-08-27,140.65,141.48,138.82,139.02,139.02,5100000,Energy
CVX,2024-08-28,138.54,139.2,137.63,138.12,138.12,5614400,Energy
CVX,2024-08-29,138.56,140.19,137.59,139.47,139.47,4466700,Energy
CVX,2024-08-30,138.33,140.09,137.84,139.97,139.97,6414800,Energy
CVX,2024-09-03,137.7,137.91,136.5,136.86,136.86,7944700,Energy
CVX,2024-09-04,136.84,137.68,134.03,134.4,134.4,9820700,Energy
CVX,2024-09-05,135.45,135.45,133.01,133.33,133.33,9371100,Energy
CVX,2024-09-06,133.46,134.44,130.43,131.08,131.08,7836400,Energy
CVX,2024-09-09,131.16,134.36,131.07,132.73,132.73,9892300,Energy
CVX,2024-09-10,133.3,133.47,129.69,130.77,130.77,8202500,Energy
CVX,2024-09-11,130.75,131.01,128.07,130.44,130.44,9534000,Energy
CVX,2024-09-12,130.77,131.95,130.01,131.7,131.7,6591500,Energy
CVX,2024-09-13,132.32,133.89,132.17,133.02,133.02,5900700,Energy
CVX,2024-09-16,134.05,135.45,133.46,134.42,134.42,6864300,Energy
CVX,2024-09-17,134.15,136.36,134.09,135.67,135.67,7338800,Energy
CVX,2024-09-18,135.59,137.74,135.46,136.19,136.19,6180300,Energy
CVX,2024-09-19,137.94,138.86,137.11,137.17,137.17,7247400,Energy
CVX,2024-09-20,137.39,138.04,135.7,137.82,137.82,23162900,Energy
CVX,2024-09-23,138.36,140.41,138.08,139.58,139.58,6960600,Energy
CVX,2024-09-24,140.85,141.06,138.98,139.49,139.49,6014200,Energy
CVX,2024-09-25,139.02,139.46,135.76,136.2,136.2,7888400,Energy
CVX,2024-09-26,133.3,135.49,133.04,134.33,134.33,8046200,Energy
CVX,2024-09-27,135.27,137.91,135.13,137.64,137.64,8049200,Energy
CVX,2024-09-30,137.53,139.52,136.5,139.32,139.32,7491700,Energy
CVX,2024-10-01,138.45,142.4,137.6,141.62,141.62,9489100,Energy
CVX,2024-10-02,143.5,144.06,141.21,142.81,142.81,8105400,Energy
CVX,2024-10-03,143.15,143.96,141.93,143.09,143.09,6553300,Energy
CVX,2024-10-04,144.25,144.27,142.04,142.61,142.61,7892400,Energy
CVX,2024-10-07,143.33,144.51,142.56,142.97,142.97,5895900,Energy
CVX,2024-10-08,141.15,141.53,139.76,140.72,140.72,5892700,Energy
CVX,2024-10-09,139.55,142.26,139.41,141.58,141.58,4973500,Energy
CVX,2024-10-10,142.55,143.37,141.77,142.49,142.49,4420900,Energy
CVX,2024-10-11,142.27,144.11,142.14,143.25,143.25,5051300,Energy
CVX,2024-10-14,142.4,143.7,142.08,143.59,143.59,4214700,Energy
CVX,2024-10-15,140.77,141.87,139.6,139.76,139.76,6704600,Energy
CVX,2024-10-16,140.35,140.99,140.21,140.71,140.71,4303700,Energy
CVX,2024-10-17,141.21,143.17,140.93,143.04,143.04,6593100,Energy
CVX,2024-10-18,142.68,142.93,141.32,142.62,142.62,5208200,Energy
CVX,2024-10-21,143.8,144.25,142.37,142.74,142.74,5074000,Energy
CVX,2024-10-22,143.09,143.5,142.12,142.78,142.78,4416400,Energy
CVX,2024-10-23,142.25,142.85,141.24,142.36,142.36,5248600,Energy
CVX,2024-10-24,142.98,143.28,141.32,142.33,142.33,5474300,Energy
CVX,2024-10-25,143.22,143.91,142.34,142.67,142.67,6839900,Energy
CVX,2024-10-28,140.25,142.57,140.17,142.42,142.42,8892000,Energy
CVX,2024-10-29,141.94,142.3,139.89,140.51,140.51,6014700,Energy
CVX,2024-10-30,141.04,141.58,139.69,140.06,140.06,5784000,Energy
CVX,2024-10-31,140.73,141.5,139.91,140.79,140.79,8400900,Energy
CVX,2024-11-01,144.25,147.52,143.52,144.81,144.81,11728000,Energy
CVX,2024-11-04,146.09,146.09,144.39,145.66,145.66,6130000,Energy
CVX,2024-11-05,146.19,146.32,144.32,145.13,145.13,5978900,Energy
CVX,2024-11-06,148.62,150.05,147.7,149.21,149.21,12118900,Energy
CVX,2024-11-07,149.42,149.48,147.96,148.31,148.31,8143200,Energy
CVX,2024-11-08,148.15,149.08,147.27,148.46,148.46,6041500,Energy
CVX,2024-11-11,148.66,149.42,147.49,148.06,148.06,7771700,Energy
CVX,2024-11-12,148.81,148.97,146.75,146.91,146.91,5681900,Energy
CVX,2024-11-13,147.65,150.44,146.19,150.16,150.16,8824000,Energy
CVX,2024-11-14,151.22,153.1,151.06,153.07,153.07,10111200,Energy
CVX,2024-11-15,152.81,153.62,152.09,152.71,152.71,9022800,Energy
CVX,2024-11-18,153.45,154.36,152.02,153.64,153.64,6075400,Energy
CVX,2024-11-19,152.89,153.32,151.72,152.53,152.53,4657400,Energy
CVX,2024-11-20,152.83,154.29,152.7,154.18,154.18,6391300,Energy
CVX,2024-11-21,154.84,155.44,154.14,154.47,154.47,7945200,Energy
CVX,2024-11-22,154.35,155.41,154.01,155.17,155.17,7005900,Energy
CVX,2024-11-25,154.97,155.94,152.75,153.26,153.26,10702400,Energy
CVX,2024-11-26,155.12,155.72,154.25,155.33,155.33,7369500,Energy
CVX,2024-11-27,155.55,157.38,154.45,154.93,154.93,7674500,Energy
CVX,2024-11-29,155.06,155.54,153.54,154.76,154.76,5077000,Energy
CVX,2024-12-02,155.1,155.73,153.02,155.02,155.02,6229600,Energy
CVX,2024-12-03,155.76,155.97,154.24,154.75,154.75,5900100,Energy
CVX,2024-12-04,154.66,154.67,150.87,151.31,151.31,7862700,Energy
CVX,2024-12-05,152.23,153.55,151.66,152.27,152.27,6358400,Energy
CVX,2024-12-06,151.72,151.79,148.3,148.36,148.36,9701700,Energy
CVX,2024-12-09,150.04,152.99,149.87,150.12,150.12,9404500,Energy
CVX,2024-12-10,152.01,152.45,149.76,150.04,150.04,9126200,Energy
CVX,2024-12-11,149.91,150.21,148.9,149.29,149.29,13764700,Energy
CVX,2024-12-12,148.96,149.6,147.44,147.86,147.86,7621500,Energy
CVX,2024-12-13,148.01,148.09,146.29,147.05,147.05,5816200,Energy
CVX,2024-12-16,147.07,147.07,142.64,142.74,142.74,11961200,Energy
CVX,2024-12-17,141.44,142.06,140.4,141.55,141.55,11909300,Energy
CVX,2024-12-18,141.21,142.08,137.6,137.7,137.7,10174500,Energy
CVX,2024-12-19,138.17,138.35,134.71,134.9,134.9,16544300,Energy
CVX,2024-12-20,134.58,136.52,134.32,136.52,136.52,32209200,Energy
CVX,2024-12-23,136.17,137.0,135.27,136.64,136.64,8156500,Energy
CVX,2024-12-24,136.76,137.66,135.96,137.47,137.47,3556100,Energy
CVX,2024-12-26,137.3,137.92,136.57,137.6,137.6,4492600,Energy
CVX,2024-12-27,137.9,139.25,137.04,137.62,137.62,5296500,Energy
CVX,2024-12-30,137.42,137.6,136.04,136.73,136.73,6194800,Energy
CVX,2024-12-31,137.16,138.9,136.97,138.42,138.42,6137800,Energy
