Model,Ticker,Sector,RMSE,MAE,MAPE,R2
Naive (Prev. Close),AAPL,Technology,2.7008622724836178,1.9919701492537305,1.0028892032958547,0.9883234692452326
Naive (Prev. Close),NVDA,Technology,3.076805428003377,2.175910447761194,2.2774831952332963,0.9924958094735216
Naive (Prev. Close),JNJ,Healthcare,1.3707858079741275,1.025253731343283,0.6958114072195378,0.9486521349570586
Naive (Prev. Close),PFE,Healthcare,0.3902720061777044,0.2889552238805969,1.1443219580302315,0.9402800471123376
Naive (Prev. Close),JPM,Financials,2.7253374979279057,1.7124179104477597,0.906097349911022,0.9921725418345084
Naive (Prev. Close),GS,Financials,7.16680986088577,4.64,1.0880193439416397,0.9928618736408168
Naive (Prev. Close),XOM,Energy,1.3409605601510428,1.034716417910448,0.9855538541365764,0.9660670163688176
Naive (Prev. Close),CVX,Energy,1.8313988618115875,1.33155223880597,0.9360046138288448,0.9318109907336416
Naive (Prev. Close),PG,Consumer Goods,1.4640910786447563,1.059074626865672,0.6891766227453684,0.9795787491429632
Naive (Prev. Close),KO,Consumer Goods,0.5027521272879283,0.3767462686567163,0.6375795679357629,0.9899221522735028
ARIMA,AAPL,Technology,2.7483715383914147,2.0358094604568686,1.023727227329433,0.9879090664144998
ARIMA,NVDA,Technology,3.068691938518284,2.1744553170992003,2.276993462038807,0.9925353341660736
ARIMA,JNJ,Healthcare,1.3962010823615454,1.050787024437829,0.7132403930870067,0.9467304371414268
ARIMA,PFE,Healthcare,0.3902565458292583,0.2921734236286282,1.157572909340754,0.940284778545689
ARIMA,JPM,Financials,2.6917003393641785,1.7102352475706124,0.9032744935256444,0.9923645684127826
ARIMA,GS,Financials,7.2791487356793,4.709529805808777,1.1017337235590947,0.9926363412614058
ARIMA,XOM,Energy,1.3404964832526478,1.033819041709022,0.9847026584447496,0.9660904992203362
ARIMA,CVX,Energy,1.8542331283644071,1.3497585348141306,0.9487905660443424,0.9301000004791722
ARIMA,PG,Consumer Goods,1.4790890573029098,1.0735676695286946,0.6976906359610705,0.9791582203596458
ARIMA,KO,Consumer Goods,0.5130472567261827,0.3801251019405278,0.6434225414978799,0.9895051871652588
Linear Regression,AAPL,Technology,0.7185730768819666,0.5560693840641959,0.2763930020838196,0.9991734848219972
Linear Regression,NVDA,Technology,0.8837491157231033,0.6493338489869275,0.6728726897571137,0.999380898622472
Linear Regression,JNJ,Healthcare,0.171590061436246,0.1321473232759354,0.0889720097599327,0.9991954232997676
Linear Regression,PFE,Healthcare,0.0862632217804971,0.0638586963200544,0.2559316406064481,0.9970823311201988
Linear Regression,JPM,Financials,0.909570689190076,0.5498465485191474,0.2806651034819983,0.9991281272877914
Linear Regression,GS,Financials,2.058841783574249,1.354739129203938,0.3095739041381826,0.9994109143907228
Linear Regression,XOM,Energy,0.3525630870975606,0.2726192207746457,0.260777883135032,0.9976543472552392
Linear Regression,CVX,Energy,0.4425043885317969,0.3393253469139489,0.2393608550690856,0.9960190780308728
Linear Regression,PG,Consumer Goods,0.3386570513530211,0.2391632943743854,0.1534131003816659,0.9989073869153998
Linear Regression,KO,Consumer Goods,0.1046037268255724,0.0769326942509955,0.1272952659637681,0.999563731080812
Random Forest,AAPL,Technology,24.29516861840978,15.932421114587305,7.052115601896176,0.0551806350405488
Random Forest,NVDA,Technology,57.48781118373878,45.72219564392324,39.947123428686105,-1.6197227568616457
Random Forest,JNJ,Healthcare,0.6035186193502857,0.4021016182848724,0.2749345617358481,0.990046758570588
Random Forest,PFE,Healthcare,0.2500342010398196,0.1677009483629138,0.6819486099541696,0.9754877323263992
Random Forest,JPM,Financials,44.50539692269791,35.23127011324925,17.11173252786708,-1.0873992786565712
Random Forest,GS,Financials,92.79662986415492,63.27565152566105,12.621723288544054,-0.1967319187759968
Random Forest,XOM,Energy,4.835525918095166,3.4886515901817625,3.1483209518226904,0.55875736544089
Random Forest,CVX,Energy,0.8674634063586115,0.6020565773801747,0.4308142963561419,0.9847014303797856
Random Forest,PG,Consumer Goods,12.224939843475704,9.408440248627173,5.815652151906772,-0.4237692636364474
Random Forest,KO,Consumer Goods,4.129975611646919,2.458631286433485,3.774714669687313,0.3199279405821639
XGBoost,AAPL,Technology,34.95217794445795,25.927948848745736,11.773445129886609,-0.955498270840334
XGBoost,NVDA,Technology,70.64860387926352,61.21788704174668,59.69309428604205,-2.9564980295637704
XGBoost,JNJ,Healthcare,0.6338908782547811,0.4930577331229821,0.3328229655955902,0.9890197507976344
XGBoost,PFE,Healthcare,0.1875302112563924,0.1390462861465865,0.5625550951364183,0.9862111787914624
XGBoost,JPM,Financials,44.39192707583572,35.13946166687224,17.071913355978182,-1.0767688854610595
XGBoost,GS,Financials,91.0662541913526,61.60793716240817,12.259696311729128,-0.1525171930494362
XGBoost,XOM,Energy,8.699506114644906,7.114201084151198,6.485379507807672,-0.4281677884067438
XGBoost,CVX,Energy,1.016568493298269,0.7356198958389815,0.5239524127187187,0.9789902061326968
XGBoost,PG,Consumer Goods,12.087357614751516,9.260483977324917,5.722550109726587,-0.3919027543464113
XGBoost,KO,Consumer Goods,4.343981848536394,2.646383156993496,4.074533217746362,0.2476222184134996
LSTM,AAPL,Technology,20.64876741422369,15.806226685178336,7.267954986010365,0.3175085490276366
LSTM,NVDA,Technology,70.53379857539528,59.29420921044564,55.74382456425923,-2.943649710702202
LSTM,JNJ,Healthcare,2.3236985062982067,1.4260029851636329,0.9630716797706298,0.8524487986513116
LSTM,PFE,Healthcare,0.6158854843254284,0.4972066314197771,2.013178211823045,0.8512747897674505
LSTM,JPM,Financials,34.25295729613775,25.7961211116509,12.39943267071084,-0.2364493140361663
LSTM,GS,Financials,64.86412578631358,42.79027264856419,8.553077167336744,0.415288541321773
LSTM,XOM,Energy,3.920806767077397,3.3248106269790743,3.0791736221872488,0.7099045505807107
LSTM,CVX,Energy,2.149044644198198,1.6557632060976548,1.1560547010545623,0.9061056681507428
LSTM,PG,Consumer Goods,7.787942971433493,6.163380366025503,3.833419522043218,0.4221811880084061
LSTM,KO,Consumer Goods,3.053257818104668,1.9900160468744417,3.106276318546572,0.6283048332897143
